NaN,-89.1089108910891,-87.3267326732673,-85.5445544554455,-83.7623762376238,-81.980198019802,-80.1980198019802,-78.4158415841584,-76.6336633663366,-74.8514851485148,-73.0693069306931,-71.2871287128713,-69.5049504950495,-67.7227722772277,-65.9405940594059,-64.1584158415841,-62.3762376237624,-60.5940594059406,-58.8118811881188,-57.029702970297,-55.2475247524752,-53.4653465346535,-51.6831683168317,-49.9009900990099,-48.1188118811881,-46.3366336633663,-44.5544554455446,-42.7722772277228,-40.990099009901,-39.2079207920792,-37.4257425742574,-35.6435643564356,-33.8613861386139,-32.0792079207921,-30.2970297029703,-28.5148514851485,-26.7326732673267,-24.950495049505,-23.1683168316832,-21.3861386138614,-19.6039603960396,-17.8217821782178,-16.039603960396,-14.2574257425743,-12.4752475247525,-10.6930693069307,-8.91089108910891,-7.12871287128713,-5.34653465346535,-3.56435643564356,-1.78217821782178,9.99200722162641e-16,1.78217821782178,3.56435643564357,5.34653465346535,7.12871287128713,8.91089108910891,10.6930693069307,12.4752475247525,14.2574257425743,16.039603960396,17.8217821782178,19.6039603960396,21.3861386138614,23.1683168316832,24.9504950495049,26.7326732673267,28.5148514851485,30.2970297029703,32.0792079207921,33.8613861386139,35.6435643564356,37.4257425742574,39.2079207920792,40.990099009901,42.7722772277228,44.5544554455446,46.3366336633663,48.1188118811881,49.9009900990099,51.6831683168317,53.4653465346535,55.2475247524753,57.029702970297,58.8118811881188,60.5940594059406,62.3762376237624,64.1584158415842,65.9405940594059,67.7227722772277,69.5049504950495,71.2871287128713,73.0693069306931,74.8514851485149,76.6336633663366,78.4158415841584,80.1980198019802,81.980198019802,83.7623762376238,85.5445544554455,87.3267326732673,89.1089108910891
-179.10447761194,0,0,0,0,0,0,0,0,0,0,0,0,0,0,0,0,0,0,0,0,0,0,0,0,3.88962159937323e-08,0.000275023925611394,0.000828164314669415,0.00429046090961576,0.00611356139128208,0.00532811558899568,0.00431410144652028,0.00749313203178405,0.0071681274437442,0.00783671620272442,0.0134724565254619,0.0165315787243219,0.0131358040664985,0.0093373717353012,0.0102973845642402,0.0130234791859478,0.0158136459542598,0.0193080705205875,0.0205171720494748,0.0162408241446134,0.0129391088540678,0.0163038357570516,0.017057009054975,0.0131584187811733,0.011261983034512,0.0218137946740449,0.0319431978140111,0.0234104794712673,0.0134550849296863,0.0142333975730236,0.012670988419345,0.0100045398696064,0.0149791558952146,0.0160568110488125,0.0163664585670726,0.0164921792561001,0.0156211093661371,0.011561182989024,0.0119884196141541,0.0140089725163062,0.0141403101052705,0.00805397680799522,0.00733562066299148,0.0104927423153336,0.00963180907696924,0.00724424115154321,0.00659584856170261,0.00651655596792271,0.00485330280653867,0.00507744646658361,0.00433193660614948,0.00255151719092289,1.48530840659863e-06,8.71093222019766e-07,0,0,0,0,0,0,0,0,0,0,0,0,0,0,0,0,0,0,0,0,0,0,0
-177.313432835821,0,0,0,0,0,0,0,0,0,0,0,0,0,0,0,0,0,0,0,0,0,0,0,0,6.4129018658613e-08,1.11146400944062e-07,7.16153978192001e-08,0.00354590687979275,0.00626388987853611,0.00616306146070764,0.00480492743734915,0.00799038539886824,0.00942460246264214,0.0111866701092438,0.0145064526607662,0.0155150833673739,0.0128449875335644,0.00918594131973015,0.00946974725138294,0.012715220964005,0.0157532403511133,0.0166783044610647,0.0197556986741013,0.0177899413612147,0.0150593441602675,0.0163272120088124,0.017558365822389,0.0158658551166348,0.0145917247372699,0.0165872590163622,0.0204976453845012,0.0169984877184209,0.0111170387826311,0.0122238044132388,0.0141753984279397,0.0132270245539019,0.0151553851629591,0.0169780673327719,0.0186338818010654,0.0168469567239503,0.0134886066441237,0.011243228250907,0.0141421352036894,0.0132988610968216,0.0116248481959655,0.00893802584427261,0.00849646401218562,0.0072365475398604,0.00744755213100596,0.007031297330395,0.00617215183589184,0.00554029037954963,0.00454291347716134,0.00298652378457599,0.00123556723583399,0.00072804971813609,9.0088508773099e-07,5.28344746622852e-07,0,0,0,0,0,0,0,0,0,0,0,0,0,0,0,0,0,0,0,0,0,0,0
-175.522388059702,0,0,0,0,0,0,0,0,0,0,0,0,0,0,0,0,0,0,0,0,0,0,0,0,3.88962159937323e-08,6.74136998892871e-08,4.34369344848621e-08,0.00143167569450228,0.00390330796109616,0.00684180283907124,0.00668310185323872,0.00534837927205148,0.00594721088092975,0.00836573965165006,0.00912801787154902,0.00963493766411727,0.00951502247226311,0.00702157231313763,0.006080510555686,0.00921094907743523,0.0141249409705945,0.0159050289916182,0.0163625871470065,0.0151657924989877,0.0158497319561965,0.0153596189291279,0.0146181142110902,0.0174353219324597,0.0217425607963545,0.019612691140853,0.0164345911797597,0.0139834394755806,0.0105610491941694,0.0125926318665357,0.0203385003881098,0.0199411157036732,0.0148127210094533,0.0127333081786854,0.0144802392605014,0.0126216865388965,0.0108378615677697,0.0115555395170151,0.0152486227404997,0.0143632283264621,0.0118720033658814,0.00947216066962051,0.00750172844963938,0.00415442208137246,0.00429668234602051,0.00585742098301288,0.006613925894283,0.00475121279156527,0.00273131184478753,0.000841794025789559,4.47563112945397e-08,2.63519283380326e-08,0,0,0,0,0,0,0,0,0,0,0,0,0,0,0,0,0,0,0,0,0,0,0,0,0
-173.731343283582,0,0,0,0,0,0,0,0,0,0,0,0,0,0,0,0,0,0,0,0,0,0,0,0,0,0,0,5.68643425933442e-07,0.00199037033685966,0.00642286836474179,0.0072765848515452,0.00324807008845635,0.00164222474411725,0.00334962447695658,0.00462212749552438,0.00531595607730438,0.00526871016142957,0.00602356633091752,0.00790436645093008,0.0102960936321493,0.0135622215816032,0.0144278679854141,0.0101043306027823,0.0106240634684681,0.0164926117798046,0.0168211139740647,0.0110313086724556,0.0124820299418323,0.0172743920787017,0.0179120155900808,0.0159366849484541,0.0157748179942785,0.0119790664774527,0.0142195784800922,0.0230229507213798,0.0221672394595544,0.0133712392702368,0.00846927447870104,0.0103615768343944,0.0128079332432086,0.0154011605280594,0.0142487606985419,0.0151466848952683,0.0138484471245081,0.00935548178651434,0.00657955313603437,0.00793870248036287,0.00640287477549859,0.0048152550899881,0.00641058928323171,0.00826359115293997,0.00572375143436076,0.00221353181607052,0.000142398577637728,0,0,0,0,0,0,0,0,0,0,0,0,0,0,0,0,0,0,0,0,0,0,0,0,0,0,0
-171.940298507463,0,0,0,0,0,0,0,0,0,0,0,0,0,0,0,0,0,0,0,0,0,0,0,0,0,0,0,2.09477483660111e-09,0.00104741771561058,0.00706854035271357,0.0100815711894539,0.00807809379421892,0.00428123082352052,0.00425135341896846,0.00487780827664322,0.00601510099411541,0.00666667865261768,0.0103879496995632,0.012104131782632,0.00980379544693222,0.0123847269179315,0.0145276688994113,0.0123394528506899,0.0139773931225637,0.0190111974345302,0.0163184464424954,0.00994603108246835,0.00968437411801046,0.0123992814409335,0.0125623223313003,0.012838624071389,0.0179094725793192,0.0179091554820656,0.0156349193282165,0.0152227139824014,0.0139023532139371,0.0124356382009168,0.0141318953071822,0.0151344340359617,0.0170526798126046,0.0195038975255402,0.0151898338173801,0.0109651683494052,0.0101101936726792,0.00834784521310923,0.00705192194518822,0.007640569591922,0.00612171742171135,0.00493856935834855,0.00566077031047112,0.00618138750383911,0.00452077437532396,0.00197334943757015,0,0,0,0,0,0,0,0,0,0,0,0,0,0,0,0,0,0,0,0,0,0,0,0,0,0,0,0
-170.149253731343,0,0,0,0,0,0,0,0,0,0,0,0,0,0,0,0,0,0,0,0,0,0,0,0,0,0,0,0,0,0.00621879864274952,0.0105184169820559,0.0106740292985024,0.00724694474986582,0.006686803787526,0.00687008609678856,0.0114373450227785,0.0143456438242112,0.0145809514749902,0.0103150869550966,0.00470322376680534,0.00780526351013645,0.0142710427653843,0.0188279263679134,0.0190712867892648,0.0175333217690306,0.0124911680874204,0.0115962027709634,0.0134082855863991,0.0173579444086324,0.0144922403251249,0.0108759739116457,0.0171899985257388,0.0238948868687767,0.0171861420727146,0.00790099395166657,0.00780320182115154,0.0120349848833814,0.0177946206624739,0.0186203925541083,0.0184951994659886,0.0162413966993192,0.0130676029008396,0.00830178006423255,0.00788977635320789,0.00984847801524459,0.0112136223932201,0.00984053516017993,0.00775115714888139,0.00699936838884629,0.00463469518567216,0.00319157344333738,0.00207267315730959,0.00122591610378486,0,0,0,0,0,0,0,0,0,0,0,0,0,0,0,0,0,0,0,0,0,0,0,0,0,0,0,0
-168.358208955224,0,0,0,0,0,0,0,0,0,0,0,0,0,0,0,0,0,0,0,0,0,0,0,0,0,0,0,0,0,0.00289199934279042,0.00487927420803686,0.00559766529530244,0.00592633784631115,0.00657565137594758,0.00825453136731134,0.0147542643574084,0.0171965478818435,0.013588903546746,0.00787690348029515,0.00339336114981518,0.00430711689573502,0.0120876016111844,0.0184327979446022,0.0184987598847163,0.0153633465412668,0.0132399797768155,0.0137338898029812,0.0169593406195173,0.0206728342956421,0.0196057160685358,0.0142400759842967,0.0155078784386458,0.0214555869410987,0.0191699711933615,0.0113475567689195,0.00957099868940944,0.012219651596208,0.0156637692536781,0.015823338225317,0.0140022526348828,0.0097469016345836,0.0110784976459536,0.0103245866510551,0.00931237424678972,0.0126254150697181,0.015621762302499,0.012321305200708,0.00890743702436699,0.00707277832425743,0.00250732936972129,0.000722524466987145,4.77432349779589e-05,2.78443955126099e-05,0,0,0,0,0,0,0,0,0,0,0,0,0,0,0,0,0,0,0,0,0,0,0,0,0,0,0,0
-166.567164179104,0,0,0,0,0,0,0,0,0,0,0,0,0,0,0,0,0,0,0,0,0,0,0,0,0,0,0,0,0,0,0,6.95873997423368e-05,0.00380585358479648,0.00632144882571938,0.00720229751153054,0.0102693268469579,0.0127709886672157,0.0113343508757857,0.00987692133199861,0.00839135298771606,0.00676040358278583,0.0107064759464986,0.0121912061556861,0.0127262051862326,0.0165651093059975,0.0198792475485623,0.0158884174247998,0.0145713132494546,0.0155470401852595,0.0183406497012779,0.0166018319690092,0.0127383835405268,0.01403577368528,0.0194488800716035,0.016941628927443,0.0117216898954663,0.0134821684417563,0.0156099749857176,0.0138584258585977,0.00950569779811055,0.00703494483497664,0.00933811698761201,0.0101112488592677,0.00977215004452538,0.0140699539469381,0.0155139861937496,0.0101196973480397,0.00616013255569033,0.00427054115066467,0.000784143531869051,0,0,0,0,0,0,0,0,0,0,0,0,0,0,0,0,0,0,0,0,0,0,0,0,0,0,0,0,0,0,0
-164.776119402985,0,0,0,0,0,0,0,0,0,0,0,0,0,0,0,0,0,0,0,0,0,0,0,0,0,0,0,0,0,0,0,8.04141725965408e-07,0.00360552268771844,0.00606598865653108,0.00503505415235475,0.00421413565918004,0.00861102552646619,0.0120927406128809,0.012656315842381,0.0133341151166866,0.0136725768695102,0.0123223523711578,0.00855781308774595,0.0105679571136879,0.017500399123565,0.019842322429917,0.0132110363183916,0.0100650638249072,0.0103183820740426,0.012957746279721,0.0145787656406437,0.0135085240848437,0.0128894653299515,0.0167577915180953,0.0148738452829529,0.0114938571228698,0.0157201895718125,0.019369895526476,0.0161777729159448,0.0110595609805745,0.00960761775285759,0.00814002433053953,0.00607595414246106,0.00661567303008708,0.0102057444678266,0.00904637359745194,0.00614914477774381,0.00522526790811874,0.00346742114442739,0.000475606664591655,0,0,0,0,0,0,0,0,0,0,0,0,0,0,0,0,0,0,0,0,0,0,0,0,0,0,0,0,0,0,0
-162.985074626866,0,0,0,0,0,0,0,0,0,0,0,0,0,0,0,0,0,0,0,0,0,0,0,0,0,0,0,0,0,0,0,1.32580556825668e-06,0.00144431350671605,0.00385696452320005,0.00552398269568978,0.00562395009494917,0.00780552177405174,0.0113018224280168,0.0114989973008635,0.0140029467358501,0.0152772316194129,0.0131998340265682,0.00916713264039079,0.0122169526687548,0.0140911415865336,0.0131367514418115,0.0113120049234911,0.0132021902569338,0.0132518512980717,0.0114135679010356,0.0136706980432945,0.0167868865459609,0.0150113442068479,0.0140188329985512,0.0127476582512852,0.0118032216719159,0.0147812578981595,0.0198601010939811,0.0177685903129802,0.0143870995472771,0.0125367397016859,0.00976925400377288,0.00743546497852355,0.00705246320434071,0.00556460415248489,0.00337472604625886,0.00738918684743253,0.00959045434899856,0.00506044966162505,0,0,0,0,0,0,0,0,0,0,0,0,0,0,0,0,0,0,0,0,0,0,0,0,0,0,0,0,0,0,0,0
-161.194029850746,0,0,0,0,0,0,0,0,0,0,0,0,0,0,0,0,0,0,0,0,0,0,0,0,0,0,0,0,0,0,0,8.04141725965408e-07,1.35283093832655e-06,0.00235428399838113,0.0079395769400141,0.0102155217669132,0.00731124598330616,0.00832852954298393,0.00972426301373618,0.0107477656215085,0.0108386277274085,0.0127356971802205,0.0122433548995739,0.0142058684049461,0.012388108223383,0.011891595876913,0.0154495527647069,0.0187958361336922,0.0148216745801951,0.0125349206200647,0.0171347108325003,0.0191770055087095,0.0131331639911481,0.0121858544832159,0.0151583597566788,0.0145080943048198,0.0118113635357294,0.0134229480781246,0.0124494278518471,0.0108073576256348,0.00911977622117558,0.00861444600255024,0.00904863768978198,0.00884166826412483,0.00504748762191799,0.00288930378975523,0.00687552256394621,0.00862411067465088,0.00431810339928703,0,0,0,0,0,0,0,0,0,0,0,0,0,0,0,0,0,0,0,0,0,0,0,0,0,0,0,0,0,0,0,0
-159.402985074627,0,0,0,0,0,0,0,0,0,0,0,0,0,0,0,0,0,0,0,0,0,0,0,0,0,0,0,0,0,0,0,0,0,0.00142659878387379,0.008845974296213,0.0129750165410863,0.00829403391976904,0.0055174099090152,0.00804735724444412,0.00743512635220545,0.00824923124159386,0.0112326152570504,0.0122200935721823,0.0123858823924533,0.0121366666499664,0.0111960025018042,0.0137652039233959,0.0145373085607286,0.0113889438591135,0.0123900200274509,0.0173768471053055,0.0158890788721469,0.00862960487725043,0.00830430802660521,0.0130766670435982,0.0133605057619547,0.0104483426928153,0.00895942453660985,0.00692823810419744,0.00598208358405813,0.00618301711196092,0.00789896929534666,0.00873176797478966,0.00789489517260717,0.00660014496843536,0.00685932520705664,0.00580260406826741,0.00356044407295796,0.00147244837094117,0,0,0,0,0,0,0,0,0,0,0,0,0,0,0,0,0,0,0,0,0,0,0,0,0,0,0,0,0,0,0,0
-157.611940298507,0,0,0,0,0,0,0,0,0,0,0,0,0,0,0,0,0,0,0,0,0,0,0,0,0,0,0,0,0,0,0,0,0,3.74891561443893e-06,0.00554691909200671,0.00936307015558964,0.00690651959075183,0.00449067167192368,0.00764574005418455,0.00685121424802768,0.0074897539074431,0.00905651540807887,0.0105479126217542,0.0108322471298586,0.0102130384214215,0.00783811312374436,0.00700931180782013,0.00633593699588276,0.00786442120244279,0.0109962771555404,0.0132884003194076,0.0139536710159109,0.0120646172467757,0.00777689786675283,0.00630992489906855,0.00687278153064724,0.0090079452229236,0.00958510700220377,0.00818223571946622,0.00917487129480071,0.0104121549967123,0.010705475413185,0.00937560411709551,0.00754817627187441,0.00747708198041606,0.00864793704231849,0.00500134016593143,0.000672443407784116,0,0,0,0,0,0,0,0,0,0,0,0,0,0,0,0,0,0,0,0,0,0,0,0,0,0,0,0,0,0,0,0,0
-155.820895522388,0,0,0,0,0,0,0,0,0,0,0,0,0,0,0,0,0,0,0,0,0,0,0,0,0,0,0,0,0,0,0,0,0,2.27383226083268e-06,0.00242989684944544,0.00457517350467188,0.00567368852271037,0.00566691766965543,0.00666582213867991,0.00694350752964684,0.00732378337726416,0.00718032235785196,0.00824410087090533,0.00892238811140096,0.00838541034482283,0.00842503556221702,0.00788711044604645,0.00753971561951077,0.00952539653150103,0.011275696919058,0.0114785786426346,0.015175002358837,0.0165351635117773,0.0138263379046738,0.00993346896528904,0.00815365725906348,0.00807608754798185,0.0114909136034715,0.0125588567456052,0.0151245857850991,0.0153679970617594,0.0128264070067649,0.00943793340925405,0.00939550301880105,0.00860998772261319,0.00678536873388221,0.00298301530330598,0.000413600097771555,0,0,0,0,0,0,0,0,0,0,0,0,0,0,0,0,0,0,0,0,0,0,0,0,0,0,0,0,0,0,0,0,0
-154.029850746269,0,0,0,0,0,0,0,0,0,0,0,0,0,0,0,0,0,0,0,0,0,0,0,0,0,0,0,0,0,0,0,0,0,0,2.86764904150265e-08,0.000747347496398222,0.005013666870696,0.00802265321087707,0.00636826482417838,0.00647232365537428,0.00757208524582198,0.00564659567104571,0.00419936226809407,0.00581455284166421,0.0109624539613268,0.0144334592280834,0.0129679935803336,0.00986056069925011,0.0103444486118306,0.0115671098367548,0.0116389309933823,0.0136359980124608,0.0141147751212166,0.0167757790550917,0.0160164246336484,0.0148676782515728,0.00981969179759658,0.0106945149136323,0.0112687446026481,0.0135764114173693,0.0117872895366505,0.00804318417335616,0.00536518795845882,0.00823102815260599,0.00745942483058957,0.00307677839062248,9.25634827644304e-06,5.51668317978281e-06,0,0,0,0,0,0,0,0,0,0,0,0,0,0,0,0,0,0,0,0,0,0,0,0,0,0,0,0,0,0,0,0,0
-152.238805970149,0,0,0,0,0,0,0,0,0,0,0,0,0,0,0,0,0,0,0,0,0,0,0,0,0,0,0,0,0,0,0,0,0,0,1.7393170649669e-08,0.000421874609773062,0.00406921761441104,0.00664918102289657,0.00526685588533161,0.00673885158773884,0.00877615157072966,0.00506355542698744,0.00288199538466661,0.00651161000819558,0.0133942347812693,0.0167615475714891,0.0151611733824753,0.0109520517894765,0.0102159620865695,0.00999370916331775,0.00908456052231024,0.00862149331378658,0.00772804515777109,0.0120853653270072,0.0139323587643938,0.0131879293189524,0.00873199472064089,0.00853345695190655,0.0071934132108852,0.0071381257825057,0.00676432734014264,0.00640264576636468,0.00535255692988777,0.00533765255888789,0.00421468736431356,0.00153149014177554,0,0,0,0,0,0,0,0,0,0,0,0,0,0,0,0,0,0,0,0,0,0,0,0,0,0,0,0,0,0,0,0,0,0,0
-150.44776119403,0,0,0,0,0,0,0,0,0,0,0,0,0,0,0,0,0,0,0,0,0,0,0,0,0,0,0,0,0,0,0,0,0,0,0,1.18461314256042e-05,0.0019078976651334,0.00362778970019773,0.00463387795701174,0.00860802027064894,0.0111938112974792,0.00672268028119763,0.00435986235685502,0.00722783035531793,0.0094128776015963,0.0110338269703519,0.0114162175287291,0.0107434406396811,0.0111816125228826,0.00935289602924263,0.00554743314933154,0.00515812748370882,0.00496397003440926,0.00773771154283545,0.00918535284315532,0.00817264607128221,0.00636188917251469,0.00728405287866795,0.00606450116002681,0.00543541928569919,0.00665178376994605,0.0081451184644522,0.00687921915679503,0.0032164602866931,0.00100057793621171,5.97915680176792e-05,0,0,0,0,0,0,0,0,0,0,0,0,0,0,0,0,0,0,0,0,0,0,0,0,0,0,0,0,0,0,0,0,0,0,0
-148.65671641791,0,0,0,0,0,0,0,0,0,0,0,0,0,0,0,0,0,0,0,0,0,0,0,0,0,0,0,0,0,0,0,0,0,0,0,1.95309688569029e-05,0.00118391233695386,0.00366497918064899,0.00639448233956626,0.0109807684391185,0.0137942049037977,0.0124709600226198,0.00927565911447523,0.00759909807955296,0.00445866897459464,0.00402728460874081,0.00450538805946499,0.00761862660082417,0.0113217231410647,0.0104781635975838,0.00673933277551698,0.00665038982872034,0.00556582548240417,0.00567549410397209,0.00703531409339766,0.00712005508506778,0.00538774606330169,0.00594630510556194,0.00580626742727433,0.00770131457404255,0.00853558621987822,0.00863691663755841,0.00748241512962774,0.00489253468589994,0.00148058008507901,8.56994992915349e-06,0,0,0,0,0,0,0,0,0,0,0,0,0,0,0,0,0,0,0,0,0,0,0,0,0,0,0,0,0,0,0,0,0,0,0
-146.865671641791,0,0,0,0,0,0,0,0,0,0,0,0,0,0,0,0,0,0,0,0,0,0,0,0,0,0,0,0,0,0,0,0,0,0,0,1.18461314256042e-05,0.000717641186144225,0.00385160215626356,0.0069088502554738,0.00950163152732039,0.0106771477085232,0.0141234760648532,0.0133759263908701,0.00898106192380104,0.00477700950063695,0.00554970235284915,0.00522256000462979,0.0066391672442793,0.0100360259765283,0.0103052518768752,0.00982804201127066,0.0108995484908048,0.0102045338877209,0.00711270434554032,0.00549110483634696,0.00827353812178811,0.00913558861477626,0.00819009123869556,0.00621597936229641,0.00942172805941866,0.00848859286401644,0.00685125221315016,0.00627048154277406,0.00616499856439912,0.0022903516186684,1.41294587370304e-05,0,0,0,0,0,0,0,0,0,0,0,0,0,0,0,0,0,0,0,0,0,0,0,0,0,0,0,0,0,0,0,0,0,0,0
-145.074626865672,0,0,0,0,0,0,0,0,0,0,0,0,0,0,0,0,0,0,0,0,0,0,0,0,0,0,0,0,0,0,0,0,0,0,0,0,0,0.00159534993587204,0.00389381407097849,0.00504326700036449,0.00439062270432574,0.00805289739538124,0.0107872837257546,0.00799978748454031,0.00466015523931101,0.00696783066955551,0.00777490809663646,0.00667095587127292,0.00624666403490829,0.00608514920639463,0.00799703233835579,0.0110729063669365,0.0115504638285464,0.00773149674667339,0.00460980782395564,0.00800751035540432,0.0106021634253063,0.00902988017094799,0.00585487544555206,0.00767116520041354,0.00668737755923929,0.00509339265082321,0.00380076163952091,0.00373522445541177,0.0013867531483259,8.56994992915349e-06,0,0,0,0,0,0,0,0,0,0,0,0,0,0,0,0,0,0,0,0,0,0,0,0,0,0,0,0,0,0,0,0,0,0,0
-143.283582089552,0,0,0,0,0,0,0,0,0,0,0,0,0,0,0,0,0,0,0,0,0,0,0,0,0,0,0,0,0,0,0,0,0,0,0,0,0,4.26673432907381e-07,0.000855237267240595,0.00142578786545755,0.000880924589036146,0.00147121531399099,0.00317660421466502,0.00271679380858801,0.00215825737639273,0.00381892847948567,0.00453256177919144,0.00374281753776951,0.00275582770806648,0.00214239591199296,0.0027729307771344,0.00460019718746012,0.00545284509514377,0.0043441643226968,0.00322174423213811,0.0051638746496891,0.00661179246569447,0.00558000829419262,0.00367207747976047,0.00392954893187383,0.00314591028138599,0.00165319050855403,1.58108090242265e-07,1.63953726364023e-09,0,0,0,0,0,0,0,0,0,0,0,0,0,0,0,0,0,0,0,0,0,0,0,0,0,0,0,0,0,0,0,0,0,0,0,0,0
-141.492537313433,0,0,0,0,0,0,0,0,0,0,0,0,0,0,0,0,0,0,0,0,0,0,0,0,0,0,0,0,0,0,0,0,0,0,0,0,0,2.59361181492671e-07,0.000520458256934058,0.000867669752530332,0.000536067684350689,7.3027318044338e-06,4.46679088811935e-06,0,1.74108835742232e-07,2.88603823618201e-07,1.75815952594637e-07,0,0,0,0,0,0,0,0.000618958858532415,0.00101602778700448,0.000998820924749553,0.000764234238510984,0.000596759545786152,0.00171010266154105,0.00258084082831806,0.00154922134720193,2.56162288058415e-07,0,0,0,0,0,0,0,0,0,0,0,0,0,0,0,0,0,0,0,0,0,0,0,0,0,0,0,0,0,0,0,0,0,0,0,0,0,0
-139.701492537313,0,0,0,0,0,0,0,0,0,0,0,0,0,0,0,0,0,0,0,0,0,0,0,0,0,0,0,0,0,0,0,0,0,0,0,0,0,1.57310508514595e-07,0.000124848765150145,0.000207971254883885,0.000127378333484287,0,0,0,0,0,0,0,0,0,0,0,0,0,0,0,0,0,0,0.00229583287082919,0.00374967296604536,0.00225061668816428,1.55370281569566e-07,0,0,0,0,0,0,0,0,0,0,0,0,0,0,0,0,0,0,0,0,0,0,0,0,0,0,0,0,0,0,0,0,0,0,0,0,0,0
-137.910447761194,0,0,0,0,0,0,0,0,0,0,0,0,0,0,0,0,0,0,0,0,0,0,0,0,0,0,0,0,0,0,0,0,0,0,0,0,0,6.24529182738196e-07,1.0428804826654e-06,6.39936850948575e-07,0,0,0,0,0,0,0,0,0,0,0,0,0,0,0,0,0,0,0,0.00134478953402416,0.00219628676009673,0.00131815985083143,1.23940564909753e-08,7.42218317417998e-09,0,0,0,0,0,0,0,0,0,0,0,0,0,0,0,0,0,0,0,0,0,0,0,0,0,0,0,0,0,0,0,0,0,0,0,0,0
-136.119402985075,0,0,0,0,0,0,0,0,0,0,0,0,0,0,0,0,0,0,0,0,0,0,0,0,0,0,0,0,0,0,0,0,0,0,0,0,0,1.02967454775343e-06,1.71941923456847e-06,1.05507749806377e-06,0,0,0,0,0,0,0,0,0,0,0,0,0,0,0,0,0,0,0,0,0,1.253901125845e-08,2.043434456693e-08,1.22371112743031e-08,0,0,0,0,0,0,0,0,0,0,0,0,0,0,0,0,0,0,0,0,0,0,0,0,0,0,0,0,0,0,0,0,0,0,0,0,0
-134.328358208955,0,0,0,0,0,0,0,0,0,0,0,0,0,0,0,0,0,0,0,0,0,0,0,0,0,0,0,0,0,0,0,0,0,0,0,0,0,6.24529182738196e-07,1.0428804826654e-06,6.39936850948575e-07,0,0,0,0,0,0,0,0,0,0,0,0,0,0,0,0,0,0,0,0,0,7.60529477073179e-09,1.23940564909753e-08,7.42218317417998e-09,0,0,0,0,0,0,0,0,0,0,0,0,0,0,0,0,0,0,0,0,0,0,0,0,0,0,0,0,0,0,0,0,0,0,0,0,0
-132.537313432836,0,0,0,0,0,0,0,0,0,0,0,0,0,0,0,0,0,0,0,0,0,0,0,0,0,0,0,0,0,0,0,0,0,0,0,0,0,0,0,0,0,0,0,0,0,0,0,0,0,0,0,0,0,0,0,0,0,0,0,0,0,0,0,0,0,0,0,0,0,0,0,0,0,0,0,0,0,0,0,0,0,0,0,0,0,0,0,0,0,0,0,0,0,0,0,0,0,0,0,0,0
-130.746268656716,0,0,0,0,0,0,0,0,0,0,0,0,0,0,0,0,0,0,0,0,0,0,0,0,0,0,0,0,0,0,0,0,0,0,0,0,0,0,0,0,0,0,0,0,0,0,0,0,0,0,0,0,0,0,0,0,0,0,0,0,0,0,0,0,0,0,0,0,0,0,0,0,0,0,0,0,0,0,0,0,0,0,0,0,0,0,0,0,0,0,0,0,0,0,0,0,0,0,0,0,0
-128.955223880597,0,0,0,0,0,0,0,0,0,0,0,0,0,0,0,0,0,0,0,0,0,0,0,0,0,0,0,0,0,0,0,0,0,0,0,0,0,0,0,0,0,0,0,0,0,0,0,0,0,0,0,0,0,0,0,0,0,0,0,0,0,0,0,0,0,0,0,0,0,0,0,0,0,0,0,0,0,0,0,0,0,0,0,0,0,0,0,0,0,0,0,0,0,0,0,0,0,0,0,0,0
-127.164179104478,0,0,0,0,0,0,0,0,0,0,0,0,0,0,0,0,0,0,0,0,0,0,0,0,0,0,0,0,0,0,0,0,0,0,0,0,0,0,0,0,0,0,0,0,0,0,0,0,0,0,0,0,0,0,0,0,0,0,0,0,0,0,0,0,0,0,0,0,0,0,0,0,0,0,0,0,0,0,0,0,0,0,0,0,0,0,0,0,0,0,0,0,0,0,0,0,0,0,0,0,0
-125.373134328358,0,0,0,0,0,0,0,0,0,0,0,0,0,0,0,0,0,0,0,0,0,0,0,0,0,0,0,0,0,0,0,0,0,0,0,0,0,0,0,0,0,0,0,0,0,0,0,0,0,0,0,0,0,0,0,0,0,0,0,0,0,0,0,0,0,0,0,0,0,0,0,0,0,0,0,0,0,0,0,0,0,0,0,0,0,0,0,0,0,0,0,0,0,0,0,0,0,0,0,0,0
-123.582089552239,0,0,0,0,0,0,0,0,0,0,0,0,0,0,0,0,0,0,0,0,0,0,0,0,0,0,0,0,0,0,0,0,0,0,0,0,0,0,0,0,0,0,0,0,0,0,0,0,0,0,0,0,0,0,0,0,0,0,0,0,0,0,0,0,0,0,0,0,0,0,0,0,0,0,0,0,0,0,0,0,0,0,0,0,0,0,0,0,0,0,0,0,0,0,0,0,0,0,0,0,0
-121.791044776119,0,0,0,0,0,0,0,0,0,0,0,0,0,0,0,0,0,0,0,0,0,0,0,0,0,0,0,0,0,0,0,0,0,0,0,0,0,0,0,0,0,0,0,0,0,0,0,0,0,0,0,0,0,0,0,0,0,0,0,0,0,0,0,0,0,0,0,0,0,0,0,0,0,0,0,0,0,0,0,0,0,0,0,0,0,0,0,0,0,0,0,0,0,0,0,0,0,0,0,0,0
-120,0,0,0,0,0,0,0,0,0,0,0,0,0,0,0,0,0,0,0,0,0,0,0,0,0,0,0,0,0,0,0,0,0,0,0,0,0,0,0,0,0,0,0,0,0,0,0,0,0,0,0,0,0,0,0,0,0,0,0,0,0,0,0,0,0,0,0,0,0,0,0,0,0,0,0,0,0,0,0,0,0,0,0,0,0,0,0,0,0,0,0,0,0,0,0,0,0,0,0,0,0
-118.208955223881,0,0,0,0,0,0,0,0,0,0,0,0,0,0,0,0,0,0,0,0,0,0,0,0,0,0,0,0,0,0,0,0,0,0,0,0,0,0,0,0,0,0,0,0,0,0,0,0,0,0,0,0,0,0,0,0,0,0,0,0,0,0,0,0,0,0,0,0,0,0,0,0,0,0,0,0,0,0,0,0,0,0,0,0,0,0,0,0,0,0,0,0,0,0,0,0,0,0,0,0,0
-116.417910447761,0,0,0,0,0,0,0,0,0,0,0,0,0,0,0,0,0,0,0,0,0,0,0,0,0,0,0,0,0,0,0,0,0,0,0,0,0,0,0,0,0,0,0,0,0,0,0,0,0,0,0,0,0,0,0,0,0,0,0,0,0,0,0,0,0,0,0,0,0,0,0,0,0,0,0,0,0,0,0,0,0,0,0,0,0,0,0,0,0,0,0,0,0,0,0,0,0,0,0,0,0
-114.626865671642,0,0,0,0,0,0,0,0,0,0,0,0,0,0,0,0,0,0,0,0,0,0,0,0,0,0,0,0,0,0,0,0,0,0,0,0,0,0,0,0,0,0,0,0,0,0,0,0,0,0,0,0,0,0,0,0,0,0,0,0,0,0,0,0,0,0,0,0,0,0,0,0,0,0,0,0,0,0,0,0,0,0,0,0,0,0,0,0,0,0,0,0,0,0,0,0,0,0,0,0,0
-112.835820895522,0,0,0,0,0,0,0,0,0,0,0,0,0,0,0,0,0,0,0,0,0,0,0,0,0,0,0,0,0,0,0,0,0,0,0,0,0,0,0,0,0,0,0,0,0,0,0,0,0,0,0,0,0,0,0,0,0,0,0,0,0,0,0,0,0,0,0,0,0,0,0,0,0,0,0,0,0,0,0,0,0,0,0,0,0,0,0,0,0,0,0,0,0,0,0,0,0,0,0,0,0
-111.044776119403,0,0,0,0,0,0,0,0,0,0,0,0,0,0,0,0,0,0,0,0,0,0,0,0,0,0,0,0,0,0,0,0,0,0,0,0,0,0,0,0,0,0,0,0,0,0,0,0,0,0,0,0,0,0,0,0,0,0,0,0,0,0,0,0,0,0,0,0,0,0,0,0,0,0,0,0,0,0,0,0,0,0,0,0,0,0,0,0,0,0,0,0,0,0,0,0,0,0,0,0,0
-109.253731343284,0,0,0,0,0,0,0,0,0,0,0,0,0,0,0,0,0,0,0,0,0,0,0,0,0,0,0,0,0,0,0,0,0,0,0,0,0,0,0,0,0,0,0,0,0,0,0,0,0,0,0,0,0,0,0,0,0,0,0,0,0,0,0,0,0,0,0,0,0,0,0,0,0,0,0,0,0,0,0,0,0,0,0,0,0,0,0,0,0,0,0,0,0,0,0,0,0,0,0,0,0
-107.462686567164,0,0,0,0,0,0,0,0,0,0,0,0,0,0,0,0,0,0,0,0,0,0,0,0,0,0,0,0,0,0,0,0,0,0,0,0,0,0,0,0,0,0,0,0,0,0,0,0,0,0,0,0,0,0,0,0,0,0,0,0,0,0,0,0,0,0,0,0,0,0,0,0,0,0,0,0,0,0,0,0,0,0,0,0,0,0,0,0,0,0,0,0,0,0,0,0,0,0,0,0,0
-105.671641791045,0,0,0,0,0,0,0,0,0,0,0,0,0,0,0,0,0,0,0,0,0,0,0,0,0,0,0,0,0,0,0,0,0,0,0,0,0,0,0,0,0,0,0,0,0,0,0,0,0,0,0,0,0,0,0,0,0,0,0,0,0,0,0,0,0,0,0,0,0,0,0,0,0,0,0,0,0,0,0,0,0,0,0,0,0,0,0,0,0,0,0,0,0,0,0,0,0,0,0,0,0
-103.880597014925,0,0,0,0,0,0,0,0,0,0,0,0,0,0,0,0,0,0,0,0,0,0,0,0,0,0,0,0,0,0,0,0,0,0,0,0,0,0,0,0,0,0,0,0,0,0,0,0,0,0,0,0,0,0,0,0,0,0,0,0,0,0,0,0,0,0,0,0,0,0,0,0,0,0,0,0,0,0,0,0,0,0,0,0,0,0,0,0,0,0,0,0,0,0,0,0,0,0,0,0,0
-102.089552238806,0,0,0,0,0,0,0,0,0,0,0,0,0,0,0,0,0,0,0,0,0,0,0,0,0,0,0,0,0,0,0,0,0,0,0,0,0,0,0,0,0,0,0,0,0,0,0,0,0,0,0,0,0,0,0,0,0,0,0,0,0,0,0,0,0,0,0,0,0,0,0,0,0,0,0,0,0,0,0,0,0,0,0,0,0,0,0,0,0,0,0,0,0,0,0,0,0,0,0,0,0
-100.298507462687,0,0,0,0,0,0,0,0,0,0,0,0,0,0,0,0,0,0,0,0,0,0,0,0,0,0,0,0,0,0,0,0,0,0,0,0,0,0,0,0,0,0,0,0,0,0,0,0,0,0,0,0,0,0,0,0,0,0,0,0,0,0,0,0,0,0,0,0,0,0,0,0,0,0,0,0,0,0,0,0,0,0,0,0,0,0,0,0,0,0,0,0,0,0,0,0,0,0,0,0,0
-98.5074626865672,0,0,0,0,0,0,0,0,0,0,0,0,0,0,0,0,0,0,0,0,0,0,0,0,0,0,0,0,0,0,0,0,0,0,0,0,0,0,0,0,0,0,0,0,0,0,0,0,0,0,0,0,0,0,0,0,0,0,0,0,0,0,0,0,0,0,0,0,0,0,0,0,0,0,0,0,0,0,0,0,0,0,0,0,0,0,0,0,0,0,0,0,0,0,0,0,0,0,0,0,0
-96.7164179104478,0,0,0,0,0,0,0,0,0,0,0,0,0,0,0,0,0,0,0,0,0,0,0,0,0,0,0,0,0,0,0,0,0,0,0,0,0,0,0,0,0,0,0,0,0,0,0,0,0,0,0,0,0,0,0,0,0,0,0,0,0,0,0,0,0,0,0,0,0,0,0,0,0,0,0,0,0,0,0,0,0,0,0,0,0,0,0,0,0,0,0,0,0,0,0,0,0,0,0,0,0
-94.9253731343284,0,0,0,0,0,0,0,0,0,0,0,0,0,0,0,0,0,0,0,0,0,0,0,0,0,0,0,0,0,0,0,0,0,0,0,0,0,0,0,0,0,0,0,0,0,0,0,0,0,0,0,0,0,0,0,0,0,0,0,0,0,0,0,0,0,0,0,0,0,0,0,0,0,0,0,0,0,0,0,0,0,0,0,0,0,0,0,0,0,0,0,0,0,0,0,0,0,0,0,0,0
-93.134328358209,0,0,0,0,0,0,0,0,0,0,0,0,0,0,0,0,0,0,0,0,0,0,0,0,0,0,0,0,0,0,0,0,0,0,0,0,0,0,0,0,0,0,0,0,0,0,0,0,0,0,0,0,0,0,0,0,0,0,0,0,0,0,0,0,0,0,0,0,0,0,0,0,0,0,0,0,0,0,0,0,0,0,0,0,0,0,0,0,0,0,0,0,0,0,0,0,0,0,0,0,0
-91.3432835820896,0,0,0,0,0,0,0,0,0,0,0,0,0,0,0,0,0,0,0,0,0,0,0,0,0,0,0,0,0,0,0,0,0,0,0,0,0,0,0,0,0,0,0,0,0,0,0,0,0,0,0,0,0,0,0,0,0,0,0,0,0,0,0,0,0,0,0,0,0,0,0,0,0,0,0,0,0,0,0,0,0,0,0,0,0,0,0,0,0,0,0,0,0,0,0,0,0,0,0,0,0
-89.5522388059701,0,0,0,0,0,0,0,0,0,0,0,0,0,0,0,0,0,0,0,0,0,0,0,0,0,0,0,0,0,0,0,0,0,0,0,0,0,0,0,0,0,0,0,0,0,0,0,0,0,0,0,0,0,0,0,0,0,0,0,0,0,0,0,0,0,0,0,0,0,0,0,0,0,0,0,0,0,0,0,0,0,0,0,0,0,0,0,0,0,0,0,0,0,0,0,0,0,0,0,0,0
-87.7611940298508,0,0,0,0,0,0,0,0,0,0,0,0,0,0,0,0,0,0,0,0,0,0,0,0,0,0,0,0,0,0,0,0,0,0,0,0,0,0,0,0,0,0,0,0,0,0,0,0,0,0,0,0,0,0,0,0,0,0,0,0,0,0,0,0,0,0,0,0,0,0,0,0,0,0,0,0,0,0,0,0,0,0,0,0,0,0,0,0,0,0,0,0,0,0,0,0,0,0,0,0,0
-85.9701492537313,0,0,0,0,0,0,0,0,0,0,0,0,0,0,0,0,0,0,0,0,0,0,0,0,0,0,0,0,0,0,0,0,0,0,0,0,0,0,0,0,0,0,0,0,0,0,0,0,0,0,0,0,0,0,0,0,0,0,0,0,0,0,0,0,0,0,0,0,0,0,0,0,0,0,0,0,0,0,0,0,0,0,0,0,0,0,0,0,0,0,0,0,0,0,0,0,0,0,0,0,0
-84.1791044776119,0,0,0,0,0,0,0,0,0,0,0,0,0,0,0,0,0,0,0,0,0,0,0,0,0,0,0,0,0,0,0,0,0,0,0,0,0,0,0,0,0,0,0,0,0,0,0,0,0,0,0,0,0,0,0,0,0,0,0,0,0,0,0,0,0,0,0,0,0,0,0,0,0,0,0,0,0,0,0,0,0,0,0,0,0,0,0,0,0,0,0,0,0,0,0,0,0,0,0,0,0
-82.3880597014925,0,0,0,0,0,0,0,0,0,0,0,0,0,0,0,0,0,0,0,0,0,0,0,0,0,0,0,0,0,0,0,0,0,0,0,0,0,0,0,0,0,0,0,0,0,0,0,0,0,0,0,0,0,0,0,0,0,0,0,0,0,0,0,0,0,0,0,0,0,0,0,0,0,0,0,0,0,0,0,0,0,0,0,0,0,0,0,0,0,0,0,0,0,0,0,0,0,0,0,0,0
-80.5970149253731,0,0,0,0,0,0,0,0,0,0,0,0,0,0,0,0,0,0,0,0,0,0,0,0,0,0,0,0,0,0,0,0,0,0,0,0,0,0,0,0,0,0,0,0,0,0,0,0,0,0,0,0,0,0,0,0,0,0,0,0,0,0,0,0,0,0,0,0,0,0,0,0,0,0,0,0,0,0,0,0,0,0,0,0,0,0,0,0,0,0,0,0,0,0,0,0,0,0,0,0,0
-78.8059701492537,0,0,0,0,0,0,0,0,0,0,0,0,0,0,0,0,0,0,0,0,0,0,0,0,0,0,0,0,0,0,0,0,0,0,0,0,0,0,0,0,0,0,0,0,0,0,0,0,0,0,0,0,0,0,0,0,0,0,0,0,0,0,0,0,0,0,0,0,0,0,0,0,0,0,0,0,0,0,0,0,0,0,0,0,0,0,0,0,0,0,0,0,0,0,0,0,0,0,0,0,0
-77.0149253731343,0,0,0,0,0,0,0,0,0,0,0,0,0,0,0,0,0,0,0,0,0,0,0,0,0,0,0,0,0,0,0,0,0,0,0,0,0,0,0,0,0,0,0,0,0,0,0,0,0,0,0,0,0,0,0,0,0,0,0,0,0,0,0,0,0,0,0,0,0,0,0,0,0,0,0,0,0,0,0,0,0,0,0,0,0,0,0,0,0,0,0,0,0,0,0,0,0,0,0,0,0
-75.2238805970149,0,0,0,0,0,0,0,0,0,0,0,0,0,0,0,0,0,0,0,0,0,0,0,0,0,0,0,0,0,0,0,0,0,0,0,0,0,0,0,0,0,0,0,0,0,0,0,0,0,0,0,0,0,0,0,0,0,0,0,0,0,0,0,0,0,0,0,0,0,0,0,0,0,0,0,0,0,0,0,0,0,0,0,0,0,0,0,0,0,0,0,0,0,0,0,0,0,0,0,0,0
-73.4328358208955,0,0,0,0,0,0,0,0,0,0,0,0,0,0,0,0,0,0,0,0,0,0,0,0,0,0,0,0,0,0,0,0,0,0,0,0,0,0,0,0,0,0,0,0,0,0,0,0,0,0,0,0,0,0,0,0,0,0,0,0,0,0,0,0,0,0,0,0,0,0,0,0,0,0,0,0,0,0,0,0,0,0,0,0,0,0,0,0,0,0,0,0,0,0,0,0,0,0,0,0,0
-71.6417910447761,0,0,0,0,0,0,0,0,0,0,0,0,0,0,0,0,0,0,0,0,0,0,0,0,0,0,0,0,0,0,0,0,0,0,0,0,0,0,0,0,0,0,0,0,0,0,0,0,0,0,0,0,0,0,0,0,0,0,0,0,0,0,0,0,0,0,0,0,0,0,0,0,0,0,0,0,0,0,0,0,0,0,0,0,0,0,0,0,0,0,0,0,0,0,0,0,0,0,0,0,0
-69.8507462686567,0,0,0,0,0,0,0,0,0,0,0,0,0,0,0,0,0,0,0,0,0,0,0,0,0,0,0,0,0,0,0,0,0,0,0,0,0,0,0,0,0,0,0,0,0,0,0,0,0,0,0,0,0,0,0,0,0,0,0,0,0,0,0,0,0,0,0,0,0,0,0,0,0,0,0,0,0,0,0,0,0,0,0,0,0,0,0,0,0,0,0,0,0,0,0,0,0,0,0,0,0
-68.0597014925373,0,0,0,0,0,0,0,0,0,0,0,0,0,0,0,0,0,0,0,0,0,0,0,0,0,0,0,0,0,0,0,0,0,0,0,0,0,0,0,0,0,0,0,0,0,0,0,0,0,0,0,0,0,0,0,0,0,0,0,0,0,0,0,0,0,0,0,0,0,0,0,0,0,0,0,0,0,0,0,0,0,0,0,0,0,0,0,0,0,0,0,0,0,0,0,0,0,0,0,0,0
-66.2686567164179,0,0,0,0,0,0,0,0,0,0,0,0,0,0,0,0,0,0,0,0,0,0,0,0,0,0,0,0,0,0,0,0,0,0,0,0,0,0,0,0,0,0,0,0,0,0,0,0,0,0,0,0,0,0,0,0,0,0,0,0,0,0,0,0,0,0,0,0,0,0,0,0,0,0,0,0,0,0,0,0,0,0,0,0,0,0,0,0,0,0,0,0,0,0,0,0,0,0,0,0,0
-64.4776119402985,0,0,0,0,0,0,0,0,0,0,0,0,0,0,0,0,0,0,0,0,0,0,0,0,0,0,0,0,0,0,0,0,0,0,0,0,0,0,0,0,0,0,0,0,0,0,0,0,0,0,0,0,0,0,0,0,0,0,0,0,0,0,0,0,0,0,0,0,0,0,0,0,0,0,0,0,0,0,0,0,0,0,0,0,0,0,0,0,0,0,0,0,0,0,0,0,0,0,0,0,0
-62.6865671641791,0,0,0,0,0,0,0,0,0,0,0,0,0,0,0,0,0,0,0,0,0,0,0,0,0,0,0,0,0,0,0,0,0,0,0,0,0,0,0,0,0,0,0,0,0,0,0,0,0,0,0,0,0,0,0,0,0,0,0,0,0,0,0,0,0,0,0,0,0,0,0,0,0,0,0,0,0,0,0,0,0,0,0,0,0,0,0,0,0,0,0,0,0,0,0,0,0,0,0,0,0
-60.8955223880597,0,0,0,0,0,0,0,0,0,0,0,0,0,0,0,0,0,0,0,0,0,0,0,0,0,0,0,0,0,0,0,0,0,0,0,0,0,0,0,0,0,0,0,0,0,0,0,0,0,0,0,0,0,0,0,0,0,0,0,0,0,0,0,0,0,0,0,0,0,0,0,0,0,0,0,0,0,0,0,0,0,0,0,0,0,0,0,0,0,0,0,0,0,0,0,0,0,0,0,0,0
-59.1044776119403,0,0,0,0,0,0,0,0,0,0,0,0,0,0,0,0,0,0,0,0,0,0,0,0,0,0,0,0,0,0,0,0,0,0,0,0,0,0,0,0,0,0,0,0,0,0,0,0,0,0,0,0,0,0,0,0,0,0,0,0,0,0,0,0,0,0,0,0,0,0,0,0,0,0,0,0,0,0,0,0,0,0,0,0,0,0,0,0,0,0,0,0,0,0,0,0,0,0,0,0,0
-57.3134328358209,0,0,0,0,0,0,0,0,0,0,0,0,0,0,0,0,0,0,0,0,0,0,0,0,0,0,0,0,0,0,0,0,0,0,0,0,0,0,0,0,0,0,0,0,0,0,0,0,0,0,0,0,0,0,0,0,0,0,0,0,0,0,0,0,0,0,0,0,0,0,0,0,0,0,0,0,0,0,0,0,0,0,0,0,0,0,0,0,0,0,0,0,0,0,0,0,0,0,0,0,0
-55.5223880597015,0,0,0,0,0,0,0,0,0,0,0,0,0,0,0,0,0,0,0,0,0,0,0,0,0,0,0,0,0,0,0,0,0,0,0,0,0,0,0,0,0,0,0,0,0,0,0,0,0,0,0,0,0,0,0,0,0,0,0,0,0,0,0,0,0,0,0,0,0,0,0,0,0,0,0,0,0,0,0,0,0,0,0,0,0,0,0,0,0,0,0,0,0,0,0,0,0,0,0,0,0
-53.7313432835821,0,0,0,0,0,0,0,0,0,0,0,0,0,0,0,0,0,0,0,0,0,0,0,0,0,0,0,0,0,0,0,0,0,0,0,0,0,0,0,0,0,0,0,0,0,0,0,0,0,0,0,0,0,0,0,0,0,0,0,0,0,0,0,0,0,0,0,0,0,0,0,0,0,0,0,0,0,0,0,0,0,0,0,0,0,0,0,0,0,0,0,0,0,0,0,0,0,0,0,0,0
-51.9402985074627,0,0,0,0,0,0,0,0,0,0,0,0,0,0,0,0,0,0,0,0,0,0,0,0,0,0,0,0,0,0,0,0,0,0,0,0,0,0,0,0,0,0,0,0,0,0,0,0,0,0,0,0,0,0,0,0,0,0,0,0,0,0,0,0,0,0,0,0,0,0,0,0,0,0,0,0,0,0,0,0,0,0,0,0,0,0,0,0,0,0,0,0,0,0,0,0,0,0,0,0,0
-50.1492537313433,0,0,0,0,0,0,0,0,0,0,0,0,0,0,0,0,0,0,0,0,0,0,0,0,0,0,0,0,0,0,0,0,0,0,0,0,0,0,0,0,0,0,0,0,0,0,0,0,0,0,0,0,0,0,0,0,0,0,0,0,0,0,0,0,0,0,0,0,0,0,0,0,0,0,0,0,0,0,0,0,0,0,0,0,0,0,0,0,0,0,0,0,0,0,0,0,0,0,0,0,0
-48.3582089552239,0,0,0,0,0,0,0,0,0,0,0,0,0,0,0,0,0,0,0,0,0,0,0,0,0,0,0,0,0,0,0,0,0,0,0,0,0,0,0,0,0,0,0,0,0,0,0,0,0,0,0,0,0,0,0,0,0,0,0,0,0,0,0,0,0,0,0,0,0,0,0,0,0,0,0,0,0,0,0,0,0,0,0,0,0,0,0,0,0,0,0,0,0,0,0,0,0,0,0,0,0
-46.5671641791045,0,0,0,0,0,0,0,0,0,0,0,0,0,0,0,0,0,0,0,0,0,0,0,0,0,0,0,0,0,0,0,0,0,0,0,0,0,0,0,0,0,0,0,0,0,0,0,0,0,0,0,0,0,0,0,0,0,0,0,0,0,0,0,0,0,0,0,0,0,0,0,0,0,0,0,0,0,0,0,0,0,0,0,0,0,0,0,0,0,0,0,0,0,0,0,0,0,0,0,0,0
-44.7761194029851,0,0,0,0,0,0,0,0,0,0,0,0,0,0,0,0,0,0,0,0,0,0,0,0,0,0,0,0,0,0,0,0,0,0,0,0,0,0,0,0,0,0,0,0,0,0,0,0,0,0,0,0,0,0,0,0,0,0,0,0,0,0,0,0,0,0,0,0,0,0,0,0,0,0,0,0,0,0,0,0,0,0,0,0,0,0,0,0,0,0,0,0,0,0,0,0,0,0,0,0,0
-42.9850746268657,0,0,0,0,0,0,0,0,0,0,0,0,0,0,0,0,0,0,0,0,0,0,0,0,0,0,0,0,0,0,0,0,0,0,0,0,0,0,0,0,0,0,0,0,0,0,0,0,0,0,0,0,0,0,0,0,0,0,0,0,0,0,0,0,0,0,0,0,0,0,0,0,0,0,0,0,0,0,0,0,0,0,0,0,0,0,0,0,0,0,0,0,0,0,0,0,0,0,0,0,0
-41.1940298507463,0,0,0,0,0,0,0,0,0,0,0,0,0,0,0,0,0,0,0,0,0,0,0,0,0,0,0,0,0,0,0,0,0,0,0,0,0,0,0,0,0,0,0,0,0,0,0,0,0,0,0,0,0,0,0,0,0,0,0,0,0,0,0,0,0,0,0,0,0,0,0,0,0,0,0,0,0,0,0,0,0,0,0,0,0,0,0,0,0,0,0,0,0,0,0,0,0,0,0,0,0
-39.4029850746269,0,0,0,0,0,0,0,0,0,0,0,0,0,0,0,0,0,0,0,0,0,0,0,0,0,0,0,0,0,0,0,0,0,0,0,0,0,0,0,0,0,0,0,0,0,0,0,0,0,0,0,0,0,0,0,0,0,0,0,0,0,0,0,0,0,0,0,0,0,0,0,0,0,0,0,0,0,0,0,0,0,0,0,0,0,0,0,0,0,0,0,0,0,0,0,0,0,0,0,0,0
-37.6119402985075,0,0,0,0,0,0,0,0,0,0,0,0,0,0,0,0,0,0,0,0,0,0,0,0,0,0,0,0,0,0,0,0,0,0,0,0,0,0,0,0,0,0,0,0,0,0,0,0,0,0,0,0,0,0,0,0,0,0,0,0,0,0,0,0,0,0,0,0,0,0,0,0,0,0,0,0,0,0,0,0,0,0,0,0,0,0,0,0,0,0,0,0,0,0,0,0,0,0,0,0,0
-35.8208955223881,0,0,0,0,0,0,0,0,0,0,0,0,0,0,0,0,0,0,0,0,0,0,0,0,0,0,0,0,0,0,0,0,0,0,0,0,0,0,0,0,0,0,0,0,0,0,0,0,0,0,0,0,0,0,0,0,0,0,0,0,0,0,0,0,0,0,0,0,0,0,0,0,0,0,0,0,0,0,0,0,0,0,0,0,0,0,0,0,0,0,0,0,0,0,0,0,0,0,0,0,0
-34.0298507462687,0,0,0,0,0,0,0,0,0,0,0,0,0,0,0,0,0,0,0,0,0,0,0,0,0,0,0,0,0,0,0,0,0,0,0,0,0,0,0,0,0,0,0,0,0,0,0,0,0,0,0,0,0,0,0,0,0,0,0,0,0,0,0,0,0,0,0,0,0,0,0,0,0,0,0,0,0,0,0,0,0,0,0,0,0,0,0,0,0,0,0,0,0,0,0,0,0,0,0,0,0
-32.2388059701493,0,0,0,0,0,0,0,0,0,0,0,0,0,0,0,0,0,0,0,0,0,0,0,0,0,0,0,0,0,0,0,0,0,0,0,0,0,0,0,0,0,0,0,0,0,0,0,0,0,0,0,0,0,0,0,0,0,0,0,0,0,0,0,0,0,0,0,0,0,0,0,0,0,0,0,0,0,0,0,0,0,0,0,0,0,0,0,0,0,0,0,0,0,0,0,0,0,0,0,0,0
-30.4477611940299,0,0,0,0,0,0,0,0,0,0,0,0,0,0,0,0,0,0,0,0,0,0,0,0,0,0,0,0,0,0,0,0,0,0,0,0,0,0,0,0,0,0,0,0,0,0,0,0,0,0,0,0,0,0,0,0,0,0,0,0,0,0,0,0,0,0,0,0,0,0,0,0,0,0,0,0,0,0,0,0,0,0,0,0,0,0,0,0,0,0,0,0,0,0,0,0,0,0,0,0,0
-28.6567164179104,0,0,0,0,0,0,0,0,0,0,0,0,0,0,0,0,0,0,0,0,0,0,0,0,0,0,0,0,0,0,0,0,0,0,0,0,0,0,0,0,0,0,0,0,0,0,0,0,0,0,0,0,0,0,0,0,0,0,0,0,0,0,0,0,0,0,0,0,0,0,0,0,0,0,0,0,0,0,0,0,0,0,0,0,0,0,0,0,0,0,0,0,0,0,0,0,0,0,0,0,0
-26.865671641791,0,0,0,0,0,0,0,0,0,0,0,0,0,0,0,0,0,0,0,0,0,0,0,0,0,0,0,0,0,0,0,0,0,0,0,0,0,0,0,0,0,0,0,0,0,0,0,0,0,0,0,0,0,0,0,0,0,0,0,0,0,0,0,0,0,0,0,0,0,0,0,0,0,0,0,0,0,0,0,0,0,0,0,0,0,0,0,0,0,0,0,0,0,0,0,0,0,0,0,0,0
-25.0746268656716,0,0,0,0,0,0,0,0,0,0,0,0,0,0,0,0,0,0,0,0,0,0,0,0,0,0,0,0,0,0,0,0,0,0,0,0,0,0,0,0,0,0,0,0,0,0,0,0,0,0,0,0,0,0,0,0,0,0,0,0,0,0,0,0,0,0,0,0,0,0,0,0,0,0,0,0,0,0,0,0,0,0,0,0,0,0,0,0,0,0,0,0,0,0,0,0,0,0,0,0,0
-23.2835820895522,0,0,0,0,0,0,0,0,0,0,0,0,0,0,0,0,0,0,0,0,0,0,0,0,0,0,0,0,0,0,0,0,0,0,0,0,0,0,0,0,0,0,0,0,0,0,0,0,0,0,0,0,0,0,0,0,0,0,0,0,0,0,0,0,0,0,0,0,0,0,0,0,0,0,0,0,0,0,0,0,0,0,0,0,0,0,0,0,0,0,0,0,0,0,0,0,0,0,0,0,0
-21.4925373134328,0,0,0,0,0,0,0,0,0,0,0,0,0,0,0,0,0,0,0,0,0,0,0,0,0,0,0,0,0,0,0,0,0,0,0,0,0,0,0,0,0,0,0,0,0,0,0,0,0,0,0,0,0,0,0,0,0,0,0,0,0,0,0,0,0,0,0,0,0,0,0,0,0,0,0,0,0,0,0,0,0,0,0,0,0,0,0,0,0,0,0,0,0,0,0,0,0,0,0,0,0
-19.7014925373134,0,0,0,0,0,0,0,0,0,0,0,0,0,0,0,0,0,0,0,0,0,0,0,0,0,0,0,0,0,0,0,0,0,0,0,0,0,0,0,0,0,0,0,0,0,0,0,0,0,0,0,0,0,0,0,0,0,0,0,0,0,0,0,0,0,0,0,0,0,0,0,0,0,0,0,0,0,0,0,0,0,0,0,0,0,0,0,0,0,0,0,0,0,0,0,0,0,0,0,0,0
-17.910447761194,0,0,0,0,0,0,0,0,0,0,0,0,0,0,0,0,0,0,0,0,0,0,0,0,0,0,0,0,0,0,0,0,0,0,0,0,0,0,0,0,0,0,0,0,0,0,0,0,0,0,0,0,0,0,0,0,0,0,0,0,0,0,0,0,0,0,0,0,0,0,0,0,0,0,0,0,0,0,0,0,0,0,0,0,0,0,0,0,0,0,0,0,0,0,0,0,0,0,0,0,0
-16.1194029850746,0,0,0,0,0,0,0,0,0,0,0,0,0,0,0,0,0,0,0,0,0,0,0,0,0,0,0,0,0,0,0,0,0,0,0,0,0,0,0,0,0,0,0,0,0,0,0,0,0,0,0,0,0,0,0,0,0,0,0,0,0,0,0,0,0,0,0,0,0,0,0,0,0,0,0,0,0,0,0,0,0,0,0,0,0,0,0,0,0,0,0,0,0,0,0,0,0,0,0,0,0
-14.3283582089552,0,0,0,0,0,0,0,0,0,0,0,0,0,0,0,0,0,0,0,0,0,0,0,0,0,0,0,0,0,0,0,0,0,0,0,0,0,0,0,0,0,0,0,0,0,0,0,0,0,0,0,0,0,0,0,0,0,0,0,0,0,0,0,0,0,0,0,0,0,0,0,0,0,0,0,0,0,0,0,0,0,0,0,0,0,0,0,0,0,0,0,0,0,0,0,0,0,0,0,0,0
-12.5373134328358,0,0,0,0,0,0,0,0,0,0,0,0,0,0,0,0,0,0,0,0,0,0,0,0,0,0,0,0,0,0,0,0,0,0,0,0,0,0,0,0,0,0,0,0,0,0,0,0,0,0,0,0,0,0,0,0,0,0,0,0,0,0,0,0,0,0,0,0,0,0,0,0,0,0,0,0,0,0,0,0,0,0,0,0,0,0,0,0,0,0,0,0,0,0,0,0,0,0,0,0,0
-10.7462686567164,0,0,0,0,0,0,0,0,0,0,0,0,0,0,0,0,0,0,0,0,0,0,0,0,0,0,0,0,0,0,0,0,0,0,0,0,0,0,0,0,0,0,0,0,0,0,0,0,0,0,0,0,0,0,0,0,0,0,0,0,0,0,0,0,0,0,0,0,0,0,0,0,0,0,0,0,0,0,0,0,0,0,0,0,0,0,0,0,0,0,0,0,0,0,0,0,0,0,0,0,0
-8.95522388059702,0,0,0,0,0,0,0,0,0,0,0,0,0,0,0,0,0,0,0,0,0,0,0,0,0,0,0,0,0,0,0,0,0,0,0,0,0,0,0,0,0,0,0,0,0,0,0,0,0,0,0,0,0,0,0,0,0,0,0,0,0,0,0,0,0,0,0,0,0,0,0,0,0,0,0,0,0,0,0,0,0,0,0,0,0,0,0,0,0,0,0,0,0,0,0,0,0,0,0,0,0
-7.16417910447761,0,0,0,0,0,0,0,0,0,0,0,0,0,0,0,0,0,0,0,0,0,0,0,0,0,0,0,0,0,0,0,0,0,0,0,0,0,0,0,0,0,0,0,0,0,0,0,0,0,0,0,0,0,0,0,0,0,0,0,0,0,0,0,0,0,0,0,0,0,0,0,0,0,0,0,0,0,0,0,0,0,0,0,0,0,0,0,0,0,0,0,0,0,0,0,0,0,0,0,0,0
-5.37313432835821,0,0,0,0,0,0,0,0,0,0,0,0,0,0,0,0,0,0,0,0,0,0,0,0,0,0,0,0,0,0,0,0,0,0,0,0,0,0,0,0,0,0,0,0,0,0,0,0,0,0,0,0,0,0,0,0,0,0,0,0,0,0,0,0,0,0,0,0,0,0,0,0,0,0,0,0,0,0,0,0,0,0,0,0,0,0,0,0,0,0,0,0,0,0,0,0,0,0,0,0,0
-3.58208955223881,0,0,0,0,0,0,0,0,0,0,0,0,0,0,0,0,0,0,0,0,0,0,0,0,0,0,0,0,0,0,0,0,0,0,0,0,0,0,0,0,0,0,0,0,0,0,0,0,0,0,0,0,0,0,0,0,0,0,0,0,0,0,0,0,0,0,0,0,0,0,0,0,0,0,0,0,0,0,0,0,0,0,0,0,0,0,0,0,0,0,0,0,0,0,0,0,0,0,0,0,0
-1.7910447761194,0,0,0,0,0,0,0,0,0,0,0,0,0,0,0,0,0,0,0,0,0,0,0,0,0,0,0,0,0,0,0,0,0,0,0,0,0,0,0,0,0,0,0,0,0,0,0,0,0,0,0,0,0,0,0,0,0,0,0,0,0,0,0,0,0,0,0,0,0,0,0,0,0,0,0,0,0,0,0,0,0,0,0,0,0,0,0,0,0,0,0,0,0,0,0,0,0,0,0,0,0
-1.66533453693773e-15,0,0,0,0,0,0,0,0,0,0,0,0,0,0,0,0,0,0,0,0,0,0,0,0,0,0,0,0,0,0,0,0,0,0,0,0,0,0,0,0,0,0,0,0,0,0,0,0,0,0,0,0,0,0,0,0,0,0,0,0,0,0,0,0,0,0,0,0,0,0,0,0,0,0,0,0,0,0,0,0,0,0,0,0,0,0,0,0,0,0,0,0,0,0,0,0,0,0,0,0,0
1.7910447761194,0,0,0,0,0,0,0,0,0,0,0,0,0,0,0,0,0,0,0,0,0,0,0,0,0,0,0,0,0,0,0,0,0,0,0,0,0,0,0,0,0,0,0,0,0,0,0,0,0,0,0,0,0,0,0,0,0,0,0,0,0,0,0,0,0,0,0,0,0,0,0,0,0,0,0,0,0,0,0,0,0,0,0,0,0,0,0,0,0,0,0,0,0,0,0,0,0,0,0,0,0
3.5820895522388,0,0,0,0,0,0,0,0,0,0,0,0,0,0,0,0,0,0,0,0,0,0,0,0,0,0,0,0,0,0,0,0,0,0,0,0,0,0,0,0,0,0,0,0,0,0,0,0,0,0,0,0,0,0,0,0,0,0,0,0,0,0,0,0,0,0,0,0,0,0,0,0,0,0,0,0,0,0,0,0,0,0,0,0,0,0,0,0,0,0,0,0,0,0,0,0,0,0,0,0,0
5.37313432835821,0,0,0,0,0,0,0,0,0,0,0,0,0,0,0,0,0,0,0,0,0,0,0,0,0,0,0,0,0,0,0,0,0,0,0,0,0,0,0,0,0,0,0,0,0,0,0,0,0,0,0,0,0,0,0,0,0,0,0,0,0,0,0,0,0,0,0,0,0,0,0,0,0,0,0,0,0,0,0,0,0,0,0,0,0,0,0,0,0,0,0,0,0,0,0,0,0,0,0,0,0
7.16417910447761,0,0,0,0,0,0,0,0,0,0,0,0,0,0,0,0,0,0,0,0,0,0,0,0,0,0,0,0,0,0,0,0,0,0,0,0,0,0,0,0,0,0,0,0,0,0,0,0,0,0,0,0,0,0,0,0,0,0,0,0,0,0,0,0,0,0,0,0,0,0,0,0,0,0,0,0,0,0,0,0,0,0,0,0,0,0,0,0,0,0,0,0,0,0,0,0,0,0,0,0,0
8.95522388059701,0,0,0,0,0,0,0,0,0,0,0,0,0,0,0,0,0,0,0,0,0,0,0,0,0,0,0,0,0,0,0,0,0,0,0,0,0,0,0,0,0,0,0,0,0,0,0,0,0,0,0,0,0,0,0,0,0,0,0,0,0,0,0,0,0,0,0,0,0,0,0,0,0,0,0,0,0,0,0,0,0,0,0,0,0,0,0,0,0,0,0,0,0,0,0,0,0,0,0,0,0
10.7462686567164,0,0,0,0,0,0,0,0,0,0,0,0,0,0,0,0,0,0,0,0,0,0,0,0,0,0,0,0,0,0,0,0,0,0,0,0,0,0,0,0,0,0,0,0,0,0,0,0,0,0,0,0,0,0,0,0,0,0,0,0,0,0,0,0,0,0,0,0,0,0,0,0,0,0,0,0,0,0,0,0,0,0,0,0,0,0,0,0,0,0,0,0,0,0,0,0,0,0,0,0,0
12.5373134328358,0,0,0,0,0,0,0,0,0,0,0,0,0,0,0,0,0,0,0,0,0,0,0,0,0,0,0,0,0,0,0,0,0,0,0,0,0,0,0,0,0,0,0,0,0,0,0,0,0,0,0,0,0,0,0,0,0,0,0,0,0,0,0,0,0,0,0,0,0,0,0,0,0,0,0,0,0,0,0,0,0,0,0,0,0,0,0,0,0,0,0,0,0,0,0,0,0,0,0,0,0
14.3283582089552,0,0,0,0,0,0,0,0,0,0,0,0,0,0,0,0,0,0,0,0,0,0,0,0,0,0,0,0,0,0,0,0,0,0,0,0,0,0,0,0,0,0,0,0,0,0,0,0,0,0,0,0,0,0,0,0,0,0,0,0,0,0,0,0,0,0,0,0,0,0,0,0,0,0,0,0,0,0,0,0,0,0,0,0,0,0,0,0,0,0,0,0,0,0,0,0,0,0,0,0,0
16.1194029850746,0,0,0,0,0,0,0,0,0,0,0,0,0,0,0,0,0,0,0,0,0,0,0,0,0,0,0,0,0,0,0,0,0,0,0,0,0,0,0,0,0,0,0,0,0,0,0,0,0,0,0,0,0,0,0,0,0,0,0,0,0,0,0,0,0,0,0,0,0,0,0,0,0,0,0,0,0,0,0,0,0,0,0,0,0,0,0,0,0,0,0,0,0,0,0,0,0,0,0,0,0
17.910447761194,0,0,0,0,0,0,0,0,0,0,0,0,0,0,0,0,0,0,0,0,0,0,0,0,0,0,0,0,0,0,0,0,0,0,0,0,0,0,0,0,0,0,0,0,0,0,0,0,0,0,0,0,0,0,0,0,0,0,0,0,0,0,0,0,0,0,0,0,0,0,0,0,0,0,0,0,0,0,0,0,0,0,0,0,0,0,0,0,0,0,0,0,0,0,0,0,0,0,0,0,0
19.7014925373134,0,0,0,0,0,0,0,0,0,0,0,0,0,0,0,0,0,0,0,0,0,0,0,0,0,0,0,0,0,0,0,0,0,0,0,0,0,0,0,0,0,0,0,0,0,0,0,0,0,0,0,0,0,0,0,0,0,0,0,0,0,0,0,0,0,0,0,0,0,0,0,0,0,0,0,0,0,0,0,0,0,0,0,0,0,0,0,0,0,0,0,0,0,0,0,0,0,0,0,0,0
21.4925373134328,0,0,0,0,0,0,0,0,0,0,0,0,0,0,0,0,0,0,0,0,0,0,0,0,0,0,0,0,0,0,0,0,0,0,0,0,0,0,0,0,0,0,0,0,0,0,0,0,0,0,0,0,0,0,0,0,0,0,0,0,0,0,0,0,0,0,0,0,0,0,0,0,0,0,0,0,0,0,0,0,0,0,0,0,0,0,0,0,0,0,0,0,0,0,0,0,0,0,0,0,0
23.2835820895522,0,0,0,0,0,0,0,0,0,0,0,0,0,0,0,0,0,0,0,0,0,0,0,0,0,0,0,0,0,0,0,0,0,0,0,0,0,0,0,0,0,0,0,0,0,0,0,0,0,0,0,0,0,0,0,0,0,0,0,0,0,0,0,0,0,0,0,0,0,0,0,0,0,0,0,0,0,0,0,0,0,0,0,0,0,0,0,0,0,0,0,0,0,0,0,0,0,0,0,0,0
25.0746268656716,0,0,0,0,0,0,0,0,0,0,0,0,0,0,0,0,0,0,0,0,0,0,0,0,0,0,0,0,0,0,0,0,0,0,0,0,0,0,0,0,0,0,0,0,0,0,0,0,0,0,0,0,0,0,0,0,0,0,0,0,0,0,0,0,0,0,0,0,0,0,0,0,0,0,0,0,0,0,0,0,0,0,0,0,0,0,0,0,0,0,0,0,0,0,0,0,0,0,0,0,0
26.865671641791,0,0,0,0,0,0,0,0,0,0,0,0,0,0,0,0,0,0,0,0,0,0,0,0,0,0,0,0,0,0,0,0,0,0,0,0,0,0,0,0,0,0,0,0,0,0,0,0,0,0,0,0,0,0,0,0,0,0,0,0,0,0,0,0,0,0,0,0,0,0,0,0,0,0,0,0,0,0,0,0,0,0,0,0,0,0,0,0,0,0,0,0,0,0,0,0,0,0,0,0,0
28.6567164179104,0,0,0,0,0,0,0,0,0,0,0,0,0,0,0,0,0,0,0,0,0,0,0,0,0,0,0,0,0,0,0,0,0,0,0,0,0,0,0,0,0,0,0,0,0,0,0,0,0,0,0,0,0,0,0,0,0,0,0,0,0,0,0,0,0,0,0,0,0,0,0,0,0,0,0,0,0,0,0,0,0,0,0,0,0,0,0,0,0,0,0,0,0,0,0,0,0,0,0,0,0
30.4477611940299,0,0,0,0,0,0,0,0,0,0,0,0,0,0,0,0,0,0,0,0,0,0,0,0,0,0,0,0,0,0,0,0,0,0,0,0,0,0,0,0,0,0,0,0,0,0,0,0,0,0,0,0,0,0,0,0,0,0,0,0,0,0,0,0,0,0,0,0,0,0,0,0,0,0,0,0,0,0,0,0,0,0,0,0,0,0,0,0,0,0,0,0,0,0,0,0,0,0,0,0,0
32.2388059701493,0,0,0,0,0,0,0,0,0,0,0,0,0,0,0,0,0,0,0,0,0,0,0,0,0,0,0,0,0,0,0,0,0,0,0,0,0,0,0,0,0,0,0,0,0,0,0,0,0,0,0,0,0,0,0,0,0,0,0,0,0,0,0,0,0,0,0,0,0,0,0,0,0,0,0,0,0,0,0,0,0,0,0,0,0,0,0,0,0,0,0,0,0,0,0,0,0,0,0,0,0
34.0298507462687,0,0,0,0,0,0,0,0,0,0,0,0,0,0,0,0,0,0,0,0,0,0,0,0,0,0,0,0,0,0,0,0,0,0,0,0,0,0,0,0,0,0,0,0,0,0,0,0,0,0,0,0,0,0,0,0,0,0,0,0,0,0,0,0,0,0,0,0,0,0,0,0,0,0,0,0,0,0,0,0,0,0,0,0,0,0,0,0,0,0,0,0,0,0,0,0,0,0,0,0,0
35.8208955223881,0,0,0,0,0,0,0,0,0,0,0,0,0,0,0,0,0,0,0,0,0,0,0,0,0,0,0,0,0,0,0,0,0,0,0,0,0,0,0,0,0,0,0,0,0,0,0,0,0,0,0,0,0,0,0,0,0,0,0,0,0,0,0,0,0,0,0,0,0,0,0,0,0,0,0,0,0,0,0,0,0,0,0,0,0,0,0,0,0,0,0,0,0,0,0,0,0,0,0,0,0
37.6119402985075,0,0,0,0,0,0,0,0,0,0,0,0,0,0,0,0,0,0,0,0,0,0,0,0,0,0,0,0,0,0,0,0,0,0,0,0,0,0,0,0,0,0,0,0,0,0,0,0,0,0,0,0,0,0,0,0,0,0,0,0,0,0,0,0,0,0,0,0,0,0,0,0,0,0,0,0,0,0,0,0,0,0,0,0,0,0,0,0,0,0,0,0,0,0,0,0,0,0,0,0,0
39.4029850746269,0,0,0,0,0,0,0,0,0,0,0,0,0,0,0,0,0,0,0,0,0,0,0,0,0,0,0,0,0,0,0,0,0,0,0,0,0,0,0,0,0,0,0,0,0,0,0,0,0,0,0,0,0,0,0,0,0,0,0,0,0,0,0,0,0,0,0,0,0,0,0,0,0,0,0,0,0,0,0,0,0,0,0,0,0,0,0,0,0,0,0,0,0,0,0,0,0,0,0,0,0
41.1940298507463,0,0,0,0,0,0,0,0,0,0,0,0,0,0,0,0,0,0,0,0,0,0,0,0,0,0,0,0,0,0,0,0,0,0,0,0,0,0,0,0,0,0,0,0,0,0,0,0,0,0,0,0,0,0,0,0,0,0,0,0,0,0,0,0,0,0,0,0,0,0,0,0,0,0,0,0,0,0,0,0,0,0,0,0,0,0,0,0,0,0,0,0,0,0,0,0,0,0,0,0,0
42.9850746268657,0,0,0,0,0,0,0,0,0,0,0,0,0,0,0,0,0,0,0,0,0,0,0,0,0,0,0,0,0,0,0,0,0,0,0,0,0,0,0,0,0,0,0,0,0,0,0,0,0,0,0,0,0,0,0,0,0,0,0,0,0,0,0,0,0,0,0,0,0,0,0,0,0,0,0,0,0,0,0,0,0,0,0,0,0,0,0,0,0,0,0,0,0,0,0,0,0,0,0,0,0
44.7761194029851,0,0,0,0,0,0,0,0,0,0,0,0,0,0,0,0,0,0,0,0,0,0,0,0,0,0,0,0,0,0,0,0,0,0,0,0,0,0,0,0,0,0,0,0,0,0,0,0,0,0,0,0,0,0,0,0,0,0,0,0,0,0,0,0,0,0,0,0,0,0,0,0,0,0,0,0,0,0,0,0,0,0,0,0,0,0,0,0,0,0,0,0,0,0,0,0,0,0,0,0,0
46.5671641791045,0,0,0,0,0,0,0,0,0,0,0,0,0,0,0,0,0,0,0,0,0,0,0,0,0,0,0,0,0,0,0,0,0,0,0,0,0,0,0,0,0,0,0,0,0,0,0,0,0,0,0,0,0,0,0,0,0,0,0,0,0,0,0,0,0,0,0,0,0,0,0,0,0,0,0,0,0,0,0,0,0,0,0,0,0,0,0,0,0,0,0,0,0,0,0,0,0,0,0,0,0
48.3582089552239,0,0,0,0,0,0,0,0,0,0,0,0,0,0,0,0,0,0,0,0,0,0,0,0,0,0,0,0,0,0,0,0,0,0,0,0,0,0,0,0,0,0,0,0,0,0,0,0,0,0,0,0,0,0,0,0,0,0,0,0,0,0,0,0,0,0,0,0,0,0,0,0,0,0,0,0,0,0,0,0,0,0,0,0,0,0,0,0,0,0,0,0,0,0,0,0,0,0,0,0,0
50.1492537313433,0,0,0,0,0,0,0,0,0,0,0,0,0,0,0,0,0,0,0,0,0,0,0,0,0,0,0,0,0,0,0,0,0,0,0,0,0,0,0,0,0,0,0,0,0,0,0,0,0,0,0,0,0,0,0,0,0,0,0,0,0,0,0,0,0,0,0,0,0,0,0,0,0,0,0,0,0,0,0,0,0,0,0,0,0,0,0,0,0,0,0,0,0,0,0,0,0,0,0,0,0
51.9402985074627,0,0,0,0,0,0,0,0,0,0,0,0,0,0,0,0,0,0,0,0,0,0,0,0,0,0,0,0,0,0,0,0,0,0,0,0,0,0,0,0,0,0,0,0,0,0,0,0,0,0,0,0,0,0,0,0,0,0,0,0,0,0,0,0,0,0,0,0,0,0,0,0,0,0,0,0,0,0,0,0,0,0,0,0,0,0,0,0,0,0,0,0,0,0,0,0,0,0,0,0,0
53.7313432835821,0,0,0,0,0,0,0,0,0,0,0,0,0,0,0,0,0,0,0,0,0,0,0,0,0,0,0,0,0,0,0,0,0,0,0,0,0,0,0,0,0,0,0,0,0,0,0,0,0,0,0,0,0,0,0,0,0,0,0,0,0,0,0,0,0,0,0,0,0,0,0,0,0,0,0,0,0,0,0,0,0,0,0,0,0,0,0,0,0,0,0,0,0,0,0,0,0,0,0,0,0
55.5223880597015,0,0,0,0,0,0,0,0,0,0,0,0,0,0,0,0,0,0,0,0,0,0,0,0,0,0,0,0,0,0,0,0,0,0,0,0,0,0,0,0,0,0,0,0,0,0,0,0,0,0,0,0,0,0,0,0,0,0,0,0,0,0,0,0,0,0,0,0,0,0,0,0,0,0,0,0,0,0,0,0,0,0,0,0,0,0,0,0,0,0,0,0,0,0,0,0,0,0,0,0,0
57.3134328358209,0,0,0,0,0,0,0,0,0,0,0,0,0,0,0,0,0,0,0,0,0,0,0,0,0,0,0,0,0,0,0,0,0,0,0,0,0,0,0,0,0,0,0,0,0,0,0,0,0,0,0,0,0,0,0,0,0,0,0,0,0,0,0,0,0,0,0,0,0,0,0,0,0,0,0,0,0,0,0,0,0,0,0,0,0,0,0,0,0,0,0,0,0,0,0,0,0,0,0,0,0
59.1044776119403,0,0,0,0,0,0,0,0,0,0,0,0,0,0,0,0,0,0,0,0,0,0,0,0,0,0,0,0,0,0,0,0,0,0,0,0,0,0,0,0,0,0,0,0,0,0,0,0,0,0,0,0,0,0,0,0,0,0,0,0,0,0,0,0,0,0,0,0,0,0,0,0,0,0,0,0,0,0,0,0,0,0,0,0,0,0,0,0,0,0,0,0,0,0,0,0,0,0,0,0,0
60.8955223880597,0,0,0,0,0,0,0,0,0,0,0,0,0,0,0,0,0,0,0,0,0,0,0,0,0,0,0,0,0,0,0,0,0,0,0,0,0,0,0,0,0,0,0,0,0,0,0,0,0,0,0,0,0,0,0,0,0,0,0,0,0,0,0,0,0,0,0,0,0,0,0,0,0,0,0,0,0,0,0,0,0,0,0,0,0,0,0,0,0,0,0,0,0,0,0,0,0,0,0,0,0
62.6865671641791,0,0,0,0,0,0,0,0,0,0,0,0,0,0,0,0,0,0,0,0,0,0,0,0,0,0,0,0,0,0,0,0,0,0,0,0,0,0,0,0,0,0,0,0,0,0,0,0,0,0,0,0,0,0,0,0,0,0,0,0,0,0,0,0,0,0,0,0,0,0,0,0,0,0,0,0,0,0,0,0,0,0,0,0,0,0,0,0,0,0,0,0,0,0,0,0,0,0,0,0,0
64.4776119402985,0,0,0,0,0,0,0,0,0,0,0,0,0,0,0,0,0,0,0,0,0,0,0,0,0,0,0,0,0,0,0,0,0,0,0,0,0,0,0,0,0,0,0,0,0,0,0,0,0,0,0,0,0,0,0,0,0,0,0,0,0,0,0,0,0,0,0,0,0,0,0,0,0,0,0,0,0,0,0,0,0,0,0,0,0,0,0,0,0,0,0,0,0,0,0,0,0,0,0,0,0
66.2686567164179,0,0,0,0,0,0,0,0,0,0,0,0,0,0,0,0,0,0,0,0,0,0,0,0,0,0,0,0,0,0,0,0,0,0,0,0,0,0,0,0,0,0,0,0,0,0,0,0,0,0,0,0,0,0,0,0,0,0,0,0,0,0,0,0,0,0,0,0,0,0,0,0,0,0,0,0,0,0,0,0,0,0,0,0,0,0,0,0,0,0,0,0,0,0,0,0,0,0,0,0,0
68.0597014925373,0,0,0,0,0,0,0,0,0,0,0,0,0,0,0,0,0,0,0,0,0,0,0,0,0,0,0,0,0,0,0,0,0,0,0,0,0,0,0,0,0,0,0,0,0,0,0,0,0,0,0,0,0,0,0,0,0,0,0,0,0,0,0,0,0,0,0,0,0,0,0,0,0,0,0,0,0,0,0,0,0,0,0,0,0,0,0,0,0,0,0,0,0,0,0,0,0,0,0,0,0
69.8507462686567,0,0,0,0,0,0,0,0,0,0,0,0,0,0,0,0,0,0,0,0,0,0,0,0,0,0,0,0,0,0,0,0,0,0,0,0,0,0,0,0,0,0,0,0,0,0,0,0,0,0,0,0,0,0,0,0,0,0,0,0,0,0,0,0,0,0,0,0,0,0,0,0,0,0,0,0,0,0,0,0,0,0,0,0,0,0,0,0,0,0,0,0,0,0,0,0,0,0,0,0,0
71.6417910447761,0,0,0,0,0,0,0,0,0,0,0,0,0,0,0,0,0,0,0,0,0,0,0,0,0,0,0,0,0,0,0,0,0,0,0,0,0,0,0,0,0,0,0,0,0,0,0,0,0,0,0,0,0,0,0,0,0,0,0,0,0,0,0,0,0,0,0,0,0,0,0,0,0,0,0,0,0,0,0,0,0,0,0,0,0,0,0,0,0,0,0,0,0,0,0,0,0,0,0,0,0
73.4328358208955,0,0,0,0,0,0,0,0,0,0,0,0,0,0,0,0,0,0,0,0,0,0,0,0,0,0,0,0,0,0,0,0,0,0,0,0,0,0,0,0,0,0,0,0,0,0,0,0,0,0,0,0,0,0,0,0,0,0,0,0,0,0,0,0,0,0,0,0,0,0,0,0,0,0,0,0,0,0,0,0,0,0,0,0,0,0,0,0,0,0,0,0,0,0,0,0,0,0,0,0,0
75.2238805970149,0,0,0,0,0,0,0,0,0,0,0,0,0,0,0,0,0,0,0,0,0,0,0,0,0,0,0,0,0,0,0,0,0,0,0,0,0,0,0,0,0,0,0,0,0,0,0,0,0,0,0,0,0,0,0,0,0,0,0,0,0,0,0,0,0,0,0,0,0,0,0,0,0,0,0,0,0,0,0,0,0,0,0,0,0,0,0,0,0,0,0,0,0,0,0,0,0,0,0,0,0
77.0149253731343,0,0,0,0,0,0,0,0,0,0,0,0,0,0,0,0,0,0,0,0,0,0,0,0,0,0,0,0,0,0,0,0,0,0,0,0,0,0,0,0,0,0,0,0,0,0,0,0,0,0,0,0,0,0,0,0,0,0,0,0,0,0,0,0,0,0,0,0,0,0,0,0,0,0,0,0,0,0,0,0,0,0,0,0,0,0,0,0,0,0,0,0,0,0,0,0,0,0,0,0,0
78.8059701492537,0,0,0,0,0,0,0,0,0,0,0,0,0,0,0,0,0,0,0,0,0,0,0,0,0,0,0,0,0,0,0,0,0,0,0,0,0,0,0,0,0,0,0,0,0,0,0,0,0,0,0,0,0,0,0,0,0,0,0,0,0,0,0,0,0,0,0,0,0,0,0,0,0,0,0,0,0,0,0,0,0,0,0,0,0,0,0,0,0,0,0,0,0,0,0,0,0,0,0,0,0
80.5970149253731,0,0,0,0,0,0,0,0,0,0,0,0,0,0,0,0,0,0,0,0,0,0,0,0,0,0,0,0,0,0,0,0,0,0,0,0,0,0,0,0,0,0,0,0,0,0,0,0,0,0,0,0,0,0,0,0,0,0,0,0,0,0,0,0,0,0,0,0,0,0,0,0,0,0,0,0,0,0,0,0,0,0,0,0,0,0,0,0,0,0,0,0,0,0,0,0,0,0,0,0,0
82.3880597014925,0,0,0,0,0,0,0,0,0,0,0,0,0,0,0,0,0,0,0,0,0,0,0,0,0,0,0,0,0,0,0,0,0,0,0,0,0,0,0,0,0,0,0,0,0,0,0,0,0,0,0,0,0,0,0,0,0,0,0,0,0,0,0,0,0,0,0,0,0,0,0,0,0,0,0,0,0,0,0,0,0,0,0,0,0,0,0,0,0,0,0,0,0,0,0,0,0,0,0,0,0
84.1791044776119,0,0,0,0,0,0,0,0,0,0,0,0,0,0,0,0,0,0,0,0,0,0,0,0,0,0,0,0,0,0,0,0,0,0,0,0,0,0,0,0,0,0,0,0,0,0,0,0,0,0,0,0,0,0,0,0,0,0,0,0,0,0,0,0,0,0,0,0,0,0,0,0,0,0,0,0,0,0,0,0,0,0,0,0,0,0,0,0,0,0,0,0,0,0,0,0,0,0,0,0,0
85.9701492537313,0,0,0,0,0,0,0,0,0,0,0,0,0,0,0,0,0,0,0,0,0,0,0,0,0,0,0,0,0,0,0,0,0,0,0,0,0,0,0,0,0,0,0,0,0,0,0,0,0,0,0,0,0,0,0,0,0,0,0,0,0,0,0,0,0,0,0,0,0,0,0,0,0,0,0,0,0,0,0,0,0,0,0,0,0,0,0,0,0,0,0,0,0,0,0,0,0,0,0,0,0
87.7611940298507,0,0,0,0,0,0,0,0,0,0,0,0,0,0,0,0,0,0,0,0,0,0,0,0,0,0,0,0,0,0,0,0,0,0,0,0,0,0,0,0,0,0,0,0,0,0,0,0,0,0,0,0,0,0,0,0,0,0,0,0,0,0,0,0,0,0,0,0,0,0,0,0,0,0,0,0,0,0,0,0,0,0,0,0,0,0,0,0,0,0,0,0,0,0,0,0,0,0,0,0,0
89.5522388059701,0,0,0,0,0,0,0,0,0,0,0,0,0,0,0,0,0,0,0,0,0,0,0,0,0,0,0,0,0,0,0,0,0,0,0,0,0,0,0,0,0,0,0,0,0,0,0,0,0,0,0,0,0,0,0,0,0,0,0,0,0,0,0,0,0,0,0,0,0,0,0,0,0,0,0,0,0,0,0,0,0,0,0,0,0,0,0,0,0,0,0,0,0,0,0,0,0,0,0,0,0
91.3432835820896,0,0,0,0,0,0,0,0,0,0,0,0,0,0,0,0,0,0,0,0,0,0,0,0,0,0,0,0,0,0,0,0,0,0,0,0,0,0,0,0,0,0,0,0,0,0,0,0,0,0,0,0,0,0,0,0,0,0,0,0,0,0,0,0,0,0,0,0,0,0,0,0,0,0,0,0,0,0,0,0,0,0,0,0,0,0,0,0,0,0,0,0,0,0,0,0,0,0,0,0,0
93.1343283582089,0,0,0,0,0,0,0,0,0,0,0,0,0,0,0,0,0,0,0,0,0,0,0,0,0,0,0,0,0,0,0,0,0,0,0,0,0,0,0,0,0,0,0,0,0,0,0,0,0,0,0,0,0,0,0,0,0,0,0,0,0,0,0,0,0,0,0,0,0,0,0,0,0,0,0,0,0,0,0,0,0,0,0,0,0,0,0,0,0,0,0,0,0,0,0,0,0,0,0,0,0
94.9253731343284,0,0,0,0,0,0,0,0,0,0,0,0,0,0,0,0,0,0,0,0,0,0,0,0,0,0,0,0,0,0,0,0,0,0,0,0,0,0,0,0,0,0,0,0,0,0,0,0,0,0,0,0,0,0,0,0,0,0,0,0,0,0,0,0,0,0,0,0,0,0,0,0,0,0,0,0,0,0,0,0,0,0,0,0,0,0,0,0,0,0,0,0,0,0,0,0,0,0,0,0,0
96.7164179104478,0,0,0,0,0,0,0,0,0,0,0,0,0,0,0,0,0,0,0,0,0,0,0,0,0,0,0,0,0,0,0,0,0,0,0,0,0,0,0,0,0,0,0,0,0,0,0,0,0,0,0,0,0,0,0,0,0,0,0,0,0,0,0,0,0,0,0,0,0,0,0,0,0,0,0,0,0,0,0,0,0,0,0,0,0,0,0,0,0,0,0,0,0,0,0,0,0,0,0,0,0
98.5074626865672,0,0,0,0,0,0,0,0,0,0,0,0,0,0,0,0,0,0,0,0,0,0,0,0,0,0,0,0,0,0,0,0,0,0,0,0,0,0,0,0,0,0,0,0,0,0,0,0,0,0,0,0,0,0,0,0,0,0,0,0,0,0,0,0,0,0,0,0,0,0,0,0,0,0,0,0,0,0,0,0,0,0,0,0,0,0,0,0,0,0,0,0,0,0,0,0,0,0,0,0,0
100.298507462687,0,0,0,0,0,0,0,0,0,0,0,0,0,0,0,0,0,0,0,0,0,0,0,0,0,0,0,0,0,0,0,0,0,0,0,0,0,0,0,0,0,0,0,0,0,0,0,0,0,0,0,0,0,0,0,0,0,0,0,0,0,0,0,0,0,0,0,0,0,0,0,0,0,0,0,0,0,0,0,0,0,0,0,0,0,0,0,0,0,0,0,0,0,0,0,0,0,0,0,0,0
102.089552238806,0,0,0,0,0,0,0,0,0,0,0,0,0,0,0,0,0,0,0,0,0,0,0,0,0,0,0,0,0,0,0,0,0,0,0,0,0,0,0,0,0,0,0,0,0,0,0,0,0,0,0,0,0,0,0,0,0,0,0,0,0,0,0,0,0,0,0,0,0,0,0,0,0,0,0,0,0,0,0,0,0,0,0,0,0,0,0,0,0,0,0,0,0,0,0,0,0,0,0,0,0
103.880597014925,0,0,0,0,0,0,0,0,0,0,0,0,0,0,0,0,0,0,0,0,0,0,0,0,0,0,0,0,0,0,0,0,0,0,0,0,0,0,0,0,0,0,0,0,0,0,0,0,0,0,0,0,0,0,0,0,0,0,0,0,0,0,0,0,0,0,0,0,0,0,0,0,0,0,0,0,0,0,0,0,0,0,0,0,0,0,0,0,0,0,0,0,0,0,0,0,0,0,0,0,0
105.671641791045,0,0,0,0,0,0,0,0,0,0,0,0,0,0,0,0,0,0,0,0,0,0,0,0,0,0,0,0,0,0,0,0,0,0,0,0,0,0,0,0,0,0,0,0,0,0,0,0,0,0,0,0,0,0,0,0,0,0,0,0,0,0,0,0,0,0,0,0,0,0,0,0,0,0,0,0,0,0,0,0,0,0,0,0,0,0,0,0,0,0,0,0,0,0,0,0,0,0,0,0,0
107.462686567164,0,0,0,0,0,0,0,0,0,0,0,0,0,0,0,0,0,0,0,0,0,0,0,0,0,0,0,0,0,0,0,0,0,0,0,0,0,0,0,0,0,0,0,0,0,0,0,0,0,0,0,0,0,0,0,0,0,0,0,0,0,0,0,0,0,0,0,0,0,0,0,0,0,0,0,0,0,0,0,0,0,0,0,0,0,0,0,0,0,0,0,0,0,0,0,0,0,0,0,0,0
109.253731343284,0,0,0,0,0,0,0,0,0,0,0,0,0,0,0,0,0,0,0,0,0,0,0,0,0,0,0,0,0,0,0,0,0,0,0,0,0,0,0,0,0,0,0,0,0,0,0,0,0,0,0,0,0,0,0,0,0,0,0,0,0,0,0,0,0,0,0,0,0,0,0,0,0,0,0,0,0,0,0,0,0,0,0,0,0,0,0,0,0,0,0,0,0,0,0,0,0,0,0,0,0
111.044776119403,0,0,0,0,0,0,0,0,0,0,0,0,0,0,0,0,0,0,0,0,0,0,0,0,0,0,0,0,0,0,0,0,0,0,0,0,0,0,0,0,0,0,0,0,0,0,0,0,0,0,0,0,0,0,0,0,0,0,0,0,0,0,0,0,0,0,0,0,0,0,0,0,0,0,0,0,0,0,0,0,0,0,0,0,0,0,0,0,0,0,0,0,0,0,0,0,0,0,0,0,0
112.835820895522,0,0,0,0,0,0,0,0,0,0,0,0,0,0,0,0,0,0,0,0,0,0,0,0,0,0,0,0,0,0,0,0,0,0,0,0,0,0,0,0,0,0,0,0,0,0,0,0,0,0,0,0,0,0,0,0,0,0,0,0,0,0,0,0,0,0,0,0,0,0,0,0,0,0,0,0,0,0,0,0,0,0,0,0,0,0,0,0,0,0,0,0,0,0,0,0,0,0,0,0,0
114.626865671642,0,0,0,0,0,0,0,0,0,0,0,0,0,0,0,0,0,0,0,0,0,0,0,0,0,0,0,0,0,0,0,0,0,0,0,0,0,0,0,0,0,0,0,0,0,0,0,0,0,0,0,0,0,0,0,0,0,0,0,0,0,0,0,0,0,0,0,0,0,0,0,0,0,0,0,0,0,0,0,0,0,0,0,0,0,0,0,0,0,0,0,0,0,0,0,0,0,0,0,0,0
116.417910447761,0,0,0,0,0,0,0,0,0,0,0,0,0,0,0,0,0,0,0,0,0,0,0,0,0,0,0,0,0,0,0,0,0,0,0,0,0,0,0,0,0,0,0,0,0,0,0,0,0,0,0,0,0,0,0,0,0,0,0,0,0,0,0,0,0,0,0,0,0,0,0,0,0,0,0,0,0,0,0,0,0,0,0,0,0,0,0,0,0,0,0,0,0,0,0,0,0,0,0,0,0
118.208955223881,0,0,0,0,0,0,0,0,0,0,0,0,0,0,0,0,0,0,0,0,0,0,0,0,0,0,0,0,0,0,0,0,0,0,0,0,0,0,0,0,0,0,0,0,0,0,0,0,0,0,0,0,0,0,0,0,0,0,0,0,0,0,0,0,0,0,0,0,0,0,0,0,0,0,0,0,0,0,0,0,0,0,0,0,0,0,0,0,0,0,0,0,0,0,0,0,0,0,0,0,0
120,0,0,0,0,0,0,0,0,0,0,0,0,0,0,0,0,0,0,0,0,0,0,0,0,0,0,0,0,0,0,0,0,0,0,0,0,0,0,0,0,0,0,0,0,0,0,0,0,0,0,0,0,0,0,0,0,0,0,0,0,0,0,0,0,0,0,0,0,0,0,0,0,0,0,0,0,0,0,0,0,0,0,0,0,0,0,0,0,0,0,0,0,0,0,0,0,0,0,0,0,0
121.791044776119,0,0,0,0,0,0,0,0,0,0,0,0,0,0,0,0,0,0,0,0,0,0,0,0,0,0,0,0,0,0,0,0,0,0,0,0,0,0,0,0,0,0,0,0,0,0,0,0,0,0,0,0,0,0,0,0,0,0,0,0,0,0,0,0,0,0,0,0,0,0,0,0,0,0,0,0,0,0,0,0,0,0,0,0,0,0,0,0,0,0,0,0,0,0,0,0,0,0,0,0,0
123.582089552239,0,0,0,0,0,0,0,0,0,0,0,0,0,0,0,0,0,0,0,0,0,0,0,0,0,0,0,0,0,0,0,0,0,0,0,0,0,0,0,0,0,0,0,0,0,0,0,0,0,0,0,0,0,0,0,0,0,0,0,0,0,0,0,0,0,0,0,0,0,0,0,0,0,0,0,0,0,0,0,0,0,0,0,0,0,0,0,0,0,0,0,0,0,0,0,0,0,0,0,0,0
125.373134328358,0,0,0,0,0,0,0,0,0,0,0,0,0,0,0,0,0,0,0,0,0,0,0,0,0,0,0,0,0,0,0,0,0,0,0,0,0,0,0,0,0,0,0,0,0,0,0,0,0,0,0,0,0,0,0,0,0,0,0,0,0,0,0,0,0,0,0,0,0,0,0,0,0,0,0,0,0,0,0,0,0,0,0,0,0,0,0,0,0,0,0,0,0,0,0,0,0,0,0,0,0
127.164179104478,0,0,0,0,0,0,0,0,0,0,0,0,0,0,0,0,0,0,0,0,0,0,0,0,0,0,0,0,0,0,0,0,0,0,0,0,0,0,0,0,0,0,0,0,0,0,0,0,0,0,0,0,0,0,0,0,0,0,0,0,0,0,0,0,0,0,0,0,0,0,0,0,0,0,0,0,0,0,0,0,0,0,0,0,0,0,0,0,0,0,0,0,0,0,0,0,0,0,0,0,0
128.955223880597,0,0,0,0,0,0,0,0,0,0,0,0,0,0,0,0,0,0,0,0,0,0,0,0,0,0,0,0,0,0,0,0,0,0,0,0,0,0,0,0,0,0,0,0,0,0,0,0,0,0,0,0,0,0,0,0,0,0,0,0,0,0,0,0,0,0,0,0,0,0,0,0,0,0,0,0,0,0,0,0,0,0,0,0,0,0,0,0,0,0,0,0,0,0,0,0,0,0,0,0,0
130.746268656716,0,0,0,0,0,0,0,0,0,0,0,0,0,0,0,0,0,0,0,0,0,0,0,0,0,0,0,0,0,0,0,0,0,0,0,0,0,0,0,0,0,0,0,0,0,0,0,0,0,0,0,0,0,0,0,0,0,0,0,0,0,0,0,0,0,0,0,0,0,0,0,0,0,0,0,0,0,0,0,0,0,0,0,0,0,0,0,0,0,0,0,0,0,0,0,0,0,0,0,0,0
132.537313432836,0,0,0,0,0,0,0,0,0,0,0,0,0,0,0,0,0,0,0,0,0,0,0,0,0,0,0,0,0,0,0,0,0,0,0,0,0,0,0,0,0,0,0,0,0,0,0,0,0,0,0,0,0,0,0,0,0,0,0,0,0,0,0,0,0,0,0,0,0,0,0,0,0,0,0,0,0,0,0,0,0,0,0,0,0,0,0,0,0,0,0,0,0,0,0,0,0,0,0,0,0
134.328358208955,0,0,0,0,0,0,0,0,0,0,0,0,0,0,0,0,0,0,0,0,0,0,0,0,0,0,0,0,0,0,0,0,0,0,0,0,0,0,0,0,0,0,0,0,0,0,0,0,0,0,0,0,0,0,0,0,0,0,0,0,0,0,0,0,0,0,0,0,0,0,0,0,0,0,0,0,0,0,0,0,0,0,0,0,0,0,0,0,0,0,0,0,0,0,0,0,0,0,0,0,0
136.119402985075,0,0,0,0,0,0,0,0,0,0,0,0,0,0,0,0,0,0,0,0,0,0,0,0,0,0,0,0,0,0,0,0,0,0,0,0,0,0.000604030191998182,0.00100864990073588,0.000618932132603352,0,0,0,0,0,0,0,0,0,0,0,0,0,0,0,0,0,0,0,0,0,4.5328284533855e-05,7.38697625914037e-05,4.42369218976701e-05,0,0,0,0,0,0,0,0,0,0,0,0,0,0,0,0,0,0,0,0,0,0,0,0,0,0,0,0,0,0,0,0,0,0,0,0,0
137.910447761194,0,0,0,0,0,0,0,0,0,0,0,0,0,0,0,0,0,0,0,0,0,0,0,0,0,0,0,0,0,0,0,0,0,0,0,0,0,0.000995877425692485,0.00169322870712712,0.00107089728683655,3.09240460057922e-05,0,0,0,0,0,0,0,0,0,0,0,0,0,0,0,0,0,0,1.70023228347099e-07,2.77678964536713e-07,7.49003623218127e-05,0.000121790648846016,7.2934354082989e-05,0,0,0,0,0,0,0,0,0,0,0,0,0,0,0,0,0,0,0,0,0,0,0,0,0,0,0,0,0,0,0,0,0,0,0,0,0
139.701492537313,0,0,0,0,0,0,0,0,0,0,0,0,0,0,0,0,0,0,0,0,0,0,0,0,0,0,0,0,0,0,0,0,0,0,0,0,9.57987247364655e-05,0.00198944495454179,0.00320292328427937,0.00274808786815153,0.00136808506394174,0.00185773759091653,0.00174791882459644,0.00106831514420588,4.70376564327813e-07,2.86835211031814e-07,0,0,0,0,0,0,0,0,0,0,0,5.13839669642051e-05,0.0010300405378376,0.00159738098936679,0.00214246175295345,0.00202426351774004,0.00126011426940437,4.42369218976701e-05,0,0,0,0,0,0,0,0,0,0,0,0,0,0,0,0,0,0,0,0,0,0,0,0,0,0,0,0,0,0,0,0,0,0,0,0,0
141.492537313433,0,0,0,0,0,0,0,0,0,0,0,0,0,0,0,0,0,0,0,0,0,0,0,0,0,0,0,0,0,0,0,0,0,0,0,0,0.000157945395178952,0.00257356146719463,0.0040490309887405,0.00372023419552097,0.00347999146291191,0.00520125238867828,0.00420241573224352,0.00260685595429757,0.00138342518832156,0.000843609801769344,0,0,0,0,0,0,0,8.50241720805992e-06,1.39705352139928e-05,8.43650105165269e-06,0.00123677647118919,0.00211085658600264,0.00295888957114112,0.0039635833600738,0.00567400345129317,0.00508084949597861,0.00283615888859746,0.000504687513513982,0,0,0,0,0,0,0,0,0,0,0,0,0,0,0,0,0,0,0,0,0,0,0,0,0,0,0,0,0,0,0,0,0,0,0,0,0
143.283582089552,0,0,0,0,0,0,0,0,0,0,0,0,0,0,0,0,0,0,0,0,0,0,0,0,0,0,0,0,0,0,0,0,0,0,0,0,9.57987247364655e-05,0.00186255252106056,0.00436448590089987,0.00523683444914188,0.00546051021289383,0.00577708813354505,0.00464744241120677,0.00360166179922691,0.00297634952416288,0.00211550993902555,0.00119938550304364,0.000749761459605341,3.56763769263057e-05,2.38661627980074e-05,0.000926873648332468,0.0020932225334042,0.00187050714425154,0.00161229667468425,0.0017260563991298,0.00168665157315246,0.00509867597901744,0.00774148985635618,0.00580973882428301,0.00428323799318009,0.00577432744754059,0.00526948581678918,0.00301652178964268,0.0010589267161683,0,0,0,0,0,0,0,0,0,0,0,0,0,0,0,0,0,0,0,0,0,0,0,0,0,0,0,0,0,0,0,0,0,0,0,0,0
145.074626865672,0,0,0,0,0,0,0,0,0,0,0,0,0,0,0,0,0,0,0,0,0,0,0,0,0,0,0,0,0,0,0,0,0,0,0,0,0.00124699916232763,0.00237790080431606,0.00415723637971105,0.00482244613686296,0.00467738766701709,0.00278760991750984,0.00251136937025918,0.00273152274599919,0.00376377699322061,0.00406963744087623,0.00383296831356431,0.00347259963133823,0.00267846215091144,0.0012544447150094,0.00153552765632585,0.00354435732583683,0.00323133958208019,0.00354641433663842,0.00534603348216753,0.00552291355337135,0.00888118599444599,0.0115290005802759,0.00862154788814736,0.00460293418750284,0.00396762958340869,0.00259664673381492,0.00171710329166715,0.00093728878354387,3.4868491848408e-05,0,0,0,0,0,0,0,0,0,0,0,0,0,0,0,0,0,0,0,0,0,0,0,0,0,0,0,0,0,0,0,0,0,0,0,0
146.865671641791,0,0,0,0,0,0,0,0,0,0,0,0,0,0,0,0,0,0,0,0,0,0,0,0,0,0,0,0,0,0,0,0,0,0,0,0,0.00205779362742168,0.00344643325639741,0.00361358791106972,0.00397819057752194,0.00421422512663147,0.00187264217147451,0.00109185207631625,0.00146451932623662,0.00594438967063737,0.00942260093799679,0.00786914282770517,0.0047759405810582,0.00531451779226896,0.00596042719100275,0.00577455325108695,0.00459540746266212,0.00322850271625614,0.00511544156021343,0.00758284437250051,0.00766327108748892,0.00890777519448007,0.00896234916232536,0.00862548227246378,0.00639739264488438,0.00394769426267373,0.000780042715276248,0.00117374296893933,0.00104899118236539,0.000492514055323821,9.85843646209172e-07,0,0,0,0,0,0,0,0,0,0,0,0,0,0,0,0,0,0,0,0,0,0,0,0,0,0,0,0,0,0,0,0,0,0,0
148.65671641791,0,0,0,0,0,0,0,0,0,0,0,0,0,0,0,0,0,0,0,0,0,0,0,0,0,0,0,0,0,0,0,0,0,0,0,0.00134906239112381,0.00496318791017256,0.0062162683003351,0.00473219575394709,0.00463308508515571,0.00495565689440705,0.00357071838877729,0.00249024361652322,0.00203147736541263,0.00855656169908003,0.0135776155184251,0.0124248580209141,0.00853120691613347,0.00847514056143968,0.0101642406652712,0.0107752173054551,0.00674578446485709,0.00554165440843774,0.00794510027240236,0.00745611466369489,0.00667397315246651,0.0066471807481859,0.00413283578475031,0.00479181719103387,0.00787069434539429,0.00882318141109144,0.00503534961195733,0.00240616839678435,0.00125479490618969,0.000752104503202271,1.62538138908963e-06,0,0,0,0,0,0,0,0,0,0,0,0,0,0,0,0,0,0,0,0,0,0,0,0,0,0,0,0,0,0,0,0,0,0,0
150.44776119403,0,0,0,0,0,0,0,0,0,0,0,0,0,0,0,0,0,0,0,0,0,0,0,0,0,0,0,0,0,0,0,0,0,0,4.50194073869544e-05,0.00233339123869047,0.00622669142505029,0.00691704224302664,0.00574751052568584,0.00589136600156561,0.00657894527337629,0.00757190327915322,0.00846104550013897,0.00877479871823811,0.0121488812941009,0.0139677454139523,0.0138100430369886,0.0122109045627953,0.0116947032672524,0.01265282515855,0.0130558291829833,0.0105206256091455,0.0108064827404949,0.0110049471667634,0.00729926700982456,0.0057351657742616,0.00640470085548893,0.00473884315040403,0.0057366134626672,0.0110359896995128,0.0140989283131434,0.00937329838273821,0.00520996625158439,0.00328310471591913,0.00187801850544403,9.85843646209172e-07,0,0,0,0,0,0,0,0,0,0,0,0,0,0,0,0,0,0,0,0,0,0,0,0,0,0,0,0,0,0,0,0,0,0,0
152.238805970149,0,0,0,0,0,0,0,0,0,0,0,0,0,0,0,0,0,0,0,0,0,0,0,0,0,0,0,0,0,0,0,0,0,1.20023264297161e-08,7.42445930512547e-05,0.00290654940300101,0.0076551786057748,0.00941783922880299,0.00905690169427731,0.00762024146026592,0.00680674509259029,0.00809980678995966,0.011628796444692,0.01388485103982,0.0131361391245243,0.0101954247709284,0.00940649020800693,0.0107062362832851,0.0119495575063835,0.0112543058600891,0.0103425442479286,0.0111724491956786,0.0129577340095676,0.011000998253179,0.00708970136384294,0.00469257855960175,0.00798182202879773,0.00974404305693251,0.0104350956821761,0.011921976700217,0.0127431151733802,0.00888685991126219,0.00934099557480425,0.00844551983469663,0.00411866231585555,1.79455085446169e-06,0,0,0,0,0,0,0,0,0,0,0,0,0,0,0,0,0,0,0,0,0,0,0,0,0,0,0,0,0,0,0,0,0,0,0
154.029850746269,0,0,0,0,0,0,0,0,0,0,0,0,0,0,0,0,0,0,0,0,0,0,0,0,0,0,0,0,0,0,0,0,0,1.97884908825592e-08,4.505261015708e-05,0.00386383190630066,0.00887969395719289,0.0101805703581097,0.00916450749207227,0.00759502991362019,0.00646114677833364,0.00637562772763098,0.0107324095324319,0.0132392424215826,0.0113903964389542,0.00711987663424839,0.00661628412374222,0.00709010634137447,0.00792650721061501,0.00814311218272352,0.00921650350694524,0.00975111932081488,0.0108262222153191,0.0100140366111281,0.00974785592539659,0.00848443000615149,0.0112014474405522,0.0108095846024853,0.0102756769390141,0.00931147515353334,0.00777091327775429,0.00528375572749069,0.01045871190425,0.0136405277378874,0.0092093420389789,0.00280435902596208,0.000707821040575647,0,0,0,0,0,0,0,0,0,0,0,0,0,0,0,0,0,0,0,0,0,0,0,0,0,0,0,0,0,0,0,0,0,0
155.820895522388,0,0,0,0,0,0,0,0,0,0,0,0,0,0,0,0,0,0,0,0,0,0,0,0,0,0,0,0,0,0,0,0,0,0.000176159522268366,0.000295575047032522,0.00400566185424116,0.00928649282750125,0.0100059146791786,0.00690673403638514,0.00590586644001675,0.00638384400618617,0.00562826040157166,0.00780482188429057,0.0082179819611738,0.00911284992397278,0.00937578717989702,0.0115072767154028,0.00951470307676029,0.00699958710354033,0.00745070208318522,0.011944384846974,0.0110570673754381,0.0102117362802184,0.0125566351505027,0.0167924248089052,0.0159997078268081,0.0137610320684782,0.00866029587998217,0.00620291081287962,0.00573075326910146,0.00571441320500809,0.00435067589993867,0.00825830299496728,0.0145274281982756,0.0137743860368683,0.00706073276464263,0.00174228718997665,0,0,0,0,0,0,0,0,0,0,0,0,0,0,0,0,0,0,0,0,0,0,0,0,0,0,0,0,0,0,0,0,0,0
157.611940298507,0,0,0,0,0,0,0,0,0,0,0,0,0,0,0,0,0,0,0,0,0,0,0,0,0,0,0,0,0,0,0,0,0,0.000397392786807484,0.000667671538545639,0.00247746195891213,0.00578365354392211,0.00669410355189964,0.00437200145636863,0.00662270492712962,0.0103525485754228,0.0110905919581027,0.0103707106481285,0.00956688403524032,0.0106918773538649,0.0123882422737954,0.0146342859450524,0.0142934112802067,0.0130538720350474,0.0119247739689277,0.0149173114805781,0.0150421494154862,0.0129087197923229,0.0140772511378742,0.0180103464595713,0.0170429858885304,0.01226383772247,0.0111561348446936,0.0112516708926594,0.00909160327429323,0.00802762244876822,0.00740143647369315,0.00856210624559838,0.0126689243329167,0.0130724098120378,0.00791227637900978,0.00342014205425807,0.00105107231201249,0,0,0,0,0,0,0,0,0,0,0,0,0,0,0,0,0,0,0,0,0,0,0,0,0,0,0,0,0,0,0,0,0
159.402985074627,0,0,0,0,0,0,0,0,0,0,0,0,0,0,0,0,0,0,0,0,0,0,0,0,0,0,0,0,0,0,0,0,0,0.000352518857787944,0.000597771801594501,0.00188124519782182,0.00497730281263353,0.0067655726228034,0.0080664806711474,0.0124339249389966,0.0162733212978222,0.0158557990256788,0.0128388813219606,0.0111960634479703,0.0118093795425709,0.0120503885241428,0.0120918549612237,0.0139099555775384,0.014282378259015,0.0108475117123319,0.0104634257476126,0.0140885832593753,0.0146653367649998,0.0124513083207905,0.0115499742415489,0.0103337752246117,0.00855492797878698,0.0138446679874981,0.0157429273664421,0.0102260241372766,0.0105835683536372,0.0140973832399531,0.0122513613237551,0.00851631297510988,0.00822713745774889,0.00673830428108833,0.00553767991989625,0.0026394851169899,0.000539598851365212,0,0,0,0,0,0,0,0,0,0,0,0,0,0,0,0,0,0,0,0,0,0,0,0,0,0,0,0,0,0,0,0
161.194029850746,0,0,0,0,0,0,0,0,0,0,0,0,0,0,0,0,0,0,0,0,0,0,0,0,0,0,0,0,0,0,0,0,1.036151518052e-05,0.00146623968298853,0.00342984200322067,0.00619461829891254,0.00786984815805298,0.00722447654512607,0.00834003511985986,0.0113986127017874,0.0141035112997259,0.013321314585947,0.0100958855020136,0.0095741320813611,0.0124585687993958,0.0132688323762552,0.0109473123878794,0.0119113201607964,0.0122435996455259,0.0109794777824384,0.00961587104241885,0.0121887602923858,0.012372629350607,0.0114269457111302,0.0120580878522453,0.0105972448363595,0.00867185338415537,0.0118593908644061,0.0138338652540693,0.00930175541490045,0.0110077246256374,0.0148068509467558,0.0135584714631922,0.00711968764488592,0.00576331948095611,0.00663424595560269,0.00733383338633758,0.00481215099962364,0.00245158983987211,0.000928440123481215,0,0,0,0,0,0,0,0,0,0,0,0,0,0,0,0,0,0,0,0,0,0,0,0,0,0,0,0,0,0,0
162.985074626866,0,0,0,0,0,0,0,0,0,0,0,0,0,0,0,0,0,0,0,0,0,0,0,0,0,0,0,0,0,0,0,0.000576503538316828,0.000986951866300468,0.00431407299539914,0.00867992705017617,0.0110775506567861,0.00882526199289424,0.00796670142543356,0.00836662077342329,0.00817392507439973,0.00729426952757384,0.00908148568063941,0.00952377338912789,0.0109692027706954,0.0127578372232799,0.0139333563099368,0.0106349929040659,0.0126189523034686,0.0159655630981117,0.0170445256617719,0.0139607757696138,0.0140577840171299,0.0140316572334802,0.016782523047875,0.0197023720066293,0.0148966843171049,0.0102947966286368,0.00991706069446255,0.0100973407390349,0.00844472826074896,0.0101881389353293,0.0102861314069299,0.0115841059997793,0.0107987926988771,0.00994905424463639,0.0103123070622559,0.00934373315104587,0.00567862917973354,0.00311480638657906,0.00153075197255801,2.09634829799778e-08,1.24252863060727e-08,0,0,0,0,0,0,0,0,0,0,0,0,0,0,0,0,0,0,0,0,0,0,0,0,0,0,0,0,0
164.776119402985,0,0,0,0,0,0,0,0,0,0,0,0,0,0,0,0,0,0,0,0,0,0,0,0,0,0,0,0,0,0,0.00114129041059842,0.00287321653239869,0.002840677371964,0.00498396083583468,0.00900647605326649,0.00961154494697255,0.00622091506719013,0.00767402194647022,0.0117427045766694,0.0136164859528495,0.0100477087929109,0.00984720386474894,0.013435993128256,0.017204106460262,0.0153336796193735,0.0117357504719802,0.00794037373543969,0.012564402900269,0.0198454682993608,0.0203797290799256,0.0152382415689752,0.0140541775094293,0.0148400738984589,0.0167443867266807,0.0175783005649642,0.0153043773544114,0.01277294655475,0.0113904277555175,0.01033367729535,0.0115587450329344,0.0127496740483697,0.00962162643435806,0.00965750944023501,0.0115741019764141,0.0116075125208616,0.0122425843820763,0.0121197816777287,0.00721723462790006,0.00245439295986591,0.000928461544332531,3.45629402970495e-08,2.04858338273611e-08,0,0,0,0,0,0,0,0,0,0,0,0,0,0,0,0,0,0,0,0,0,0,0,0,0,0,0,0,0
166.567164179104,0,0,0,0,0,0,0,0,0,0,0,0,0,0,0,0,0,0,0,0,0,0,0,0,0,0,0,0,1.07612271043228e-07,1.81838312044381e-07,0.00540592687041652,0.00968509885991188,0.00667778246757685,0.00328415893768253,0.00523722445907479,0.00409437574389079,0.00488448021781568,0.0104696757593876,0.0166016483326935,0.0190965138573588,0.0156853510188157,0.0109879590593562,0.0120857275022257,0.0158339828258521,0.017981835528382,0.0173197553421775,0.0124921442638542,0.00944057696032331,0.0134206491938315,0.0155229200876326,0.0133771462470762,0.013876293538629,0.0150331080343521,0.0143180751417866,0.0120683632739345,0.0142563910732479,0.0138583123567709,0.0106509029180603,0.00880390372101796,0.0144644884848795,0.0169037156975232,0.0113936205691289,0.00669257976055114,0.00609206549421995,0.00686490905627921,0.00912072302208215,0.0126536451779251,0.010023139921795,0.00377717974680327,0.000563376235161992,0.000119377275919887,7.07562208608336e-05,0,0,0,0,0,0,0,0,0,0,0,0,0,0,0,0,0,0,0,0,0,0,0,0,0,0,0,0,0
168.358208955224,0,0,0,0,0,0,0,0,0,0,0,0,0,0,0,0,0,0,0,0,0,0,0,0,0,0,0,0,1.77422640257318e-07,0.00025055819535095,0.00737409352202928,0.011975540284458,0.00729745434677512,0.00186243313029578,0.00354476617660298,0.0029722087120363,0.00596895179451246,0.012841037032613,0.0176518546129633,0.0178847202866895,0.0150716396974266,0.0110596478621637,0.0088582774929491,0.0121096444805369,0.0195541972670517,0.0234121482080368,0.018764075531788,0.0107010280107534,0.00824236530118845,0.0115434823082105,0.0156026719900222,0.0168057691642612,0.014496492835702,0.0162927859912304,0.0161201949156534,0.0157572892948564,0.0110824171073296,0.00874581973135094,0.00829796191364211,0.0160123653927036,0.0183697754414239,0.0132256017865076,0.00911580801223092,0.00708917486542115,0.00366419472754021,0.00306516371722996,0.00815830993773742,0.00948300538305921,0.00507975166467427,0.00115810435602298,0.000196785291107059,0.000116636800533785,0,0,0,0,0,0,0,0,0,0,0,0,0,0,0,0,0,0,0,0,0,0,0,0,0,0,0,0,0
170.149253731343,0,0,0,0,0,0,0,0,0,0,0,0,0,0,0,0,0,0,0,0,0,0,0,0,0,0,0,0,1.07612271043228e-07,0.00087109671935998,0.00499372934487075,0.00713222363934491,0.00420427240813691,0.00160702260971931,0.00444529089409411,0.00707973585147324,0.00868665654531998,0.0114754150817445,0.0132337138363532,0.0129998528691964,0.0117061325596315,0.0113734428314279,0.00876772317088166,0.0107922366254736,0.0177450752547738,0.0215302013545403,0.0201301897644652,0.0155695857096884,0.0105313534375784,0.010992430416177,0.0177570012096056,0.0182447955580881,0.0155086923795047,0.0214924414812,0.0246797855490649,0.0176452359009126,0.00716261442937059,0.00688015529783572,0.0105021957856506,0.0160018825305492,0.0154841295162857,0.0123557439113597,0.0117030424551485,0.0106980408568584,0.00599770430111383,0.00232233354109405,0.00707220222044434,0.0102277777782412,0.00663162809673438,0.0009617288759336,0.00122345428949648,0.00182010472437265,0.00102511233478549,0,0,0,0,0,0,0,0,0,0,0,0,0,0,0,0,0,0,0,0,0,0,0,0,0,0,0,0
171.940298507463,0,0,0,0,0,0,0,0,0,0,0,0,0,0,0,0,0,0,0,0,0,0,0,0,0,0,0,0,6.84124892568832e-10,0.00162253804556056,0.00302395861279786,0.00282955353070168,0.00147202829566204,0.00198503479720887,0.00504734143579126,0.0113503441532906,0.0126944609999405,0.0116633645259321,0.0119873575334254,0.0130658886542656,0.0114666622744231,0.0109905166845888,0.0110223157546535,0.0145754737740141,0.0188997731210789,0.0164888009021939,0.015927201218041,0.0162701223167135,0.012776869508778,0.00969847016593971,0.0185612202765778,0.0206216656474162,0.0161795626317274,0.0176473863951273,0.0224827378306348,0.0157487487649357,0.00907516030000352,0.0119971829948855,0.0171021814491223,0.0158922047359978,0.0106419383412197,0.00803486540363081,0.00968594872727156,0.0102545380804169,0.00880827640404368,0.00577447897701849,0.0086081828926658,0.0135295449440785,0.0118578561037905,0.00388421946977661,0.00256240064016333,0.00344678757064763,0.00208995767329237,0.000107444099885603,6.33754315957983e-05,0,0,0,0,0,0,0,0,0,0,0,0,0,0,0,0,0,0,0,0,0,0,0,0,0,0
173.731343283582,0,0,0,0,0,0,0,0,0,0,0,0,0,0,0,0,0,0,0,0,0,0,0,0,0,0,0,5.80040936310088e-05,0.000124081390257962,0.00234922974726285,0.00431087968663995,0.00583722693634556,0.00502875977610386,0.00587469839696383,0.00735759240133033,0.0123639919838473,0.0119854246942929,0.0127119508144187,0.0162978139942579,0.0179936089347131,0.0137393397957442,0.0122583304457373,0.0138576490004033,0.0166524370855089,0.0173452070457036,0.0151180875840588,0.0160487590063894,0.0165338933353669,0.0117206916249005,0.00796125133675583,0.0157742325928944,0.0211941357129873,0.016358725050957,0.0119246552412663,0.0161928487792023,0.0153732992986528,0.0151360829045696,0.0185919233989748,0.0197093827990951,0.0146914634365555,0.0102078253430442,0.00670418569958512,0.00815584074587887,0.0106114132068636,0.0107324250917236,0.00762204579357497,0.00777264864437292,0.0120276572936517,0.015098719222352,0.0100441861373675,0.00473342014347388,0.00328854499617162,0.00266827254686821,0.000758508969479668,0.000104488422111797,0,0,0,0,0,0,0,0,0,0,0,0,0,0,0,0,0,0,0,0,0,0,0,0,0,0
175.522388059701,0,0,0,0,0,0,0,0,0,0,0,0,0,0,0,0,0,0,0,0,0,0,0,0,0,5.42846395622481e-05,9.21974360128083e-05,0.000153134987230666,0.001506748730684,0.0042666010132542,0.00494447339598596,0.00624619993756019,0.00841272212245241,0.011329737701313,0.0109674332431294,0.00992426304039303,0.00641711474955816,0.00855237707594041,0.0154860913619959,0.0194387267766066,0.0157332236639757,0.0127490353400272,0.0132881950492763,0.0151869735679379,0.014840489348476,0.0165559019823343,0.0182321003963655,0.0173170558078875,0.0106779061156479,0.00790662218627249,0.0102087668921665,0.0142602521717666,0.0123369118619144,0.0104531192700251,0.012966791984589,0.0162652416715696,0.0199448529939932,0.0208058555508224,0.0165988791601132,0.011756903529207,0.0113953671485033,0.0103657516173053,0.0118145863511387,0.0135064365377477,0.0108362748444788,0.00591575122614993,0.00418353045976902,0.00566337766490166,0.010323226889952,0.0103165552620888,0.00484966250317066,0.00182875516913575,0.00221733028710516,0.0011200349618095,8.60796722619997e-05,1.33679587459238e-05,0,0,0,0,0,0,0,0,0,0,0,0,0,0,0,0,0,0,0,0,0,0,0,0,0
177.313432835821,0,0,0,0,0,0,0,0,0,0,0,0,0,0,0,0,0,0,0,0,0,0,0,0,0,0.000364456751830073,0.000980128751593261,0.00105640775037759,0.00265236592866202,0.00596839473062982,0.00609578301406138,0.00464987951425491,0.00685302110969106,0.0105961775229547,0.0102611548233189,0.00775405239347975,0.004967860270911,0.00504907273208793,0.00779432340176061,0.011307254738625,0.0128900788849114,0.0139000038795186,0.0131490968885733,0.0117772175476811,0.0120791954172457,0.0164098098923846,0.0180758019889525,0.0163058007925588,0.015058080980044,0.0176184812843118,0.017013600564073,0.0127693940573409,0.0126125216420813,0.0141849223306586,0.012950609971654,0.0137576625454091,0.0196819001390233,0.0184008023181497,0.0136300562113967,0.0104984247998123,0.0110862376433498,0.0110365573567736,0.0111744459944454,0.0142219797773832,0.0138968881714199,0.00749278880732933,0.00312192181676258,0.00365377280357836,0.0042100578964415,0.00407402278954153,0.0035114502241056,0.00244334513507349,0.00213837009474656,0.00210183912285514,0.00233234049152769,0.00137325145247454,0,0,0,0,0,0,0,0,0,0,0,0,0,0,0,0,0,0,0,0,0,0,0,0,0
179.10447761194,0,0,0,0,0,0,0,0,0,0,0,0,0,0,0,0,0,0,0,0,0,0,0,0,0,0.00050761128926826,0.00145753794184525,0.00273373132772525,0.00393897536042056,0.00591673392277046,0.00614110997948612,0.00468338749157533,0.00432732860324824,0.0067651233521668,0.00985608342540246,0.0110977991084181,0.00952930625878905,0.0071861838985736,0.00642243214989822,0.00799749284700032,0.0118298394878863,0.0180764674618088,0.0182155194778147,0.014105084249995,0.0130619572925902,0.0168327236189271,0.0166986820226157,0.0135555614958391,0.0153512077434578,0.0255257698256112,0.0312204706293004,0.0211700773651208,0.0152911555798788,0.0159526426317106,0.0126345016202174,0.00961759923253032,0.0156906513506035,0.0146477352560859,0.0130625819268634,0.0129019303848152,0.0127398108746705,0.00979289146594393,0.00918565374428214,0.0141832635192163,0.0166403073133787,0.00894910921302076,0.00431129046785264,0.0080952022109898,0.00704191944619921,0.00440520245445967,0.00505120114763933,0.00528880710026823,0.00338346547680583,0.00425722917010425,0.00504186053988276,0.00296914523026923,9.0088508773099e-07,5.28344746622852e-07,0,0,0,0,0,0,0,0,0,0,0,0,0,0,0,0,0,0,0,0,0,0,0
